Tid juli,Verdi juli,Tid august,Verdi august,Tid september,Verdi september
1. juli 2022 kl. 00:00,29.80,1. august 2022 kl. 00:00,25.60,1. september 2022 kl. 00:00,28.00
1. juli 2022 kl. 01:00,28.00,1. august 2022 kl. 01:00,22.80,1. september 2022 kl. 01:00,26.20
1. juli 2022 kl. 02:00,26.20,1. august 2022 kl. 02:00,21.20,1. september 2022 kl. 02:00,26.40
1. juli 2022 kl. 03:00,30.20,1. august 2022 kl. 03:00,20.80,1. september 2022 kl. 03:00,26.20
1. juli 2022 kl. 04:00,24.60,1. august 2022 kl. 04:00,19.20,1. september 2022 kl. 04:00,29.00
1. juli 2022 kl. 05:00,25.80,1. august 2022 kl. 05:00,23.40,1. september 2022 kl. 05:00,31.80
1. juli 2022 kl. 06:00,24.60,1. august 2022 kl. 06:00,20.40,1. september 2022 kl. 06:00,31.80
1. juli 2022 kl. 07:00,26.60,1. august 2022 kl. 07:00,21.40,1. september 2022 kl. 07:00,31.60
1. juli 2022 kl. 08:00,26.40,1. august 2022 kl. 08:00,26.00,1. september 2022 kl. 08:00,30.00
1. juli 2022 kl. 09:00,33.00,1. august 2022 kl. 09:00,38.80,1. september 2022 kl. 09:00,25.20
1. juli 2022 kl. 10:00,37.80,1. august 2022 kl. 10:00,42.00,1. september 2022 kl. 10:00,23.40
1. juli 2022 kl. 11:00,40.80,1. august 2022 kl. 11:00,35.80,1. september 2022 kl. 11:00,36.80
1. juli 2022 kl. 12:00,41.20,1. august 2022 kl. 12:00,29.80,1. september 2022 kl. 12:00,38.00
1. juli 2022 kl. 13:00,36.80,1. august 2022 kl. 13:00,29.40,1. september 2022 kl. 13:00,34.80
1. juli 2022 kl. 14:00,33.80,1. august 2022 kl. 14:00,27.60,1. september 2022 kl. 14:00,43.80
1. juli 2022 kl. 15:00,31.80,1. august 2022 kl. 15:00,30.20,1. september 2022 kl. 15:00,39.40
1. juli 2022 kl. 16:00,36.20,1. august 2022 kl. 16:00,32.40,1. september 2022 kl. 16:00,43.40
1. juli 2022 kl. 17:00,42.40,1. august 2022 kl. 17:00,36.00,1. september 2022 kl. 17:00,42.20
1. juli 2022 kl. 18:00,53.80,1. august 2022 kl. 18:00,38.60,1. september 2022 kl. 18:00,42.20
1. juli 2022 kl. 19:00,46.00,1. august 2022 kl. 19:00,34.20,1. september 2022 kl. 19:00,42.40
1. juli 2022 kl. 20:00,39.20,1. august 2022 kl. 20:00,33.00,1. september 2022 kl. 20:00,48.60
1. juli 2022 kl. 21:00,38.20,1. august 2022 kl. 21:00,36.40,1. september 2022 kl. 21:00,56.20
1. juli 2022 kl. 22:00,39.00,1. august 2022 kl. 22:00,33.40,1. september 2022 kl. 22:00,49.80
1. juli 2022 kl. 23:00,42.20,1. august 2022 kl. 23:00,28.20,1. september 2022 kl. 23:00,46.40
2. juli 2022 kl. 00:00,45.00,2. august 2022 kl. 00:00,24.80,2. september 2022 kl. 00:00,44.20
2. juli 2022 kl. 01:00,39.20,2. august 2022 kl. 01:00,23.80,2. september 2022 kl. 01:00,42.20
2. juli 2022 kl. 02:00,39.40,2. august 2022 kl. 02:00,25.20,2. september 2022 kl. 02:00,43.40
2. juli 2022 kl. 03:00,37.60,2. august 2022 kl. 03:00,25.20,2. september 2022 kl. 03:00,42.60
2. juli 2022 kl. 04:00,33.40,2. august 2022 kl. 04:00,25.80,2. september 2022 kl. 04:00,42.80
2. juli 2022 kl. 05:00,32.80,2. august 2022 kl. 05:00,27.60,2. september 2022 kl. 05:00,43.80
2. juli 2022 kl. 06:00,33.60,2. august 2022 kl. 06:00,22.20,2. september 2022 kl. 06:00,43.60
2. juli 2022 kl. 07:00,34.40,2. august 2022 kl. 07:00,25.20,2. september 2022 kl. 07:00,48.40
2. juli 2022 kl. 08:00,42.00,2. august 2022 kl. 08:00,28.20,2. september 2022 kl. 08:00,53.20
2. juli 2022 kl. 09:00,56.80,2. august 2022 kl. 09:00,29.20,2. september 2022 kl. 09:00,48.00
2. juli 2022 kl. 10:00,61.20,2. august 2022 kl. 10:00,35.60,2. september 2022 kl. 10:00,51.60
2. juli 2022 kl. 11:00,60.20,2. august 2022 kl. 11:00,27.40,2. september 2022 kl. 11:00,54.00
2. juli 2022 kl. 12:00,67.00,2. august 2022 kl. 12:00,36.80,2. september 2022 kl. 12:00,65.00
2. juli 2022 kl. 13:00,60.80,2. august 2022 kl. 13:00,45.20,2. september 2022 kl. 13:00,75.40
2. juli 2022 kl. 14:00,47.00,2. august 2022 kl. 14:00,43.20,2. september 2022 kl. 14:00,92.00
2. juli 2022 kl. 15:00,46.40,2. august 2022 kl. 15:00,42.40,2. september 2022 kl. 15:00,88.60
2. juli 2022 kl. 16:00,52.40,2. august 2022 kl. 16:00,46.60,2. september 2022 kl. 16:00,94.80
2. juli 2022 kl. 17:00,54.20,2. august 2022 kl. 17:00,46.20,2. september 2022 kl. 17:00,110.00
2. juli 2022 kl. 18:00,53.20,2. august 2022 kl. 18:00,49.80,2. september 2022 kl. 18:00,126.80
2. juli 2022 kl. 19:00,43.00,2. august 2022 kl. 19:00,48.60,2. september 2022 kl. 19:00,147.80
2. juli 2022 kl. 20:00,45.40,2. august 2022 kl. 20:00,55.80,2. september 2022 kl. 20:00,137.20
2. juli 2022 kl. 21:00,40.60,2. august 2022 kl. 21:00,49.80,2. september 2022 kl. 21:00,114.20
2. juli 2022 kl. 22:00,50.80,2. august 2022 kl. 22:00,43.80,2. september 2022 kl. 22:00,112.00
2. juli 2022 kl. 23:00,55.20,2. august 2022 kl. 23:00,33.20,2. september 2022 kl. 23:00,100.20
3. juli 2022 kl. 00:00,55.60,3. august 2022 kl. 00:00,28.40,3. september 2022 kl. 00:00,82.40
3. juli 2022 kl. 01:00,48.60,3. august 2022 kl. 01:00,24.20,3. september 2022 kl. 01:00,75.60
3. juli 2022 kl. 02:00,48.20,3. august 2022 kl. 02:00,25.40,3. september 2022 kl. 02:00,73.00
3. juli 2022 kl. 03:00,40.20,3. august 2022 kl. 03:00,23.00,3. september 2022 kl. 03:00,73.20
3. juli 2022 kl. 04:00,42.60,3. august 2022 kl. 04:00,23.60,3. september 2022 kl. 04:00,74.00
3. juli 2022 kl. 05:00,39.00,3. august 2022 kl. 05:00,22.40,3. september 2022 kl. 05:00,74.20
3. juli 2022 kl. 06:00,34.00,3. august 2022 kl. 06:00,25.00,3. september 2022 kl. 06:00,83.60
3. juli 2022 kl. 07:00,35.00,3. august 2022 kl. 07:00,25.60,3. september 2022 kl. 07:00,79.60
3. juli 2022 kl. 08:00,45.60,3. august 2022 kl. 08:00,44.60,3. september 2022 kl. 08:00,88.20
3. juli 2022 kl. 09:00,66.20,3. august 2022 kl. 09:00,47.40,3. september 2022 kl. 09:00,90.60
3. juli 2022 kl. 10:00,68.60,3. august 2022 kl. 10:00,49.40,3. september 2022 kl. 10:00,95.80
3. juli 2022 kl. 11:00,52.60,3. august 2022 kl. 11:00,48.80,3. september 2022 kl. 11:00,83.40
3. juli 2022 kl. 12:00,35.00,3. august 2022 kl. 12:00,41.00,3. september 2022 kl. 12:00,69.00
3. juli 2022 kl. 13:00,30.20,3. august 2022 kl. 13:00,36.20,3. september 2022 kl. 13:00,76.60
3. juli 2022 kl. 14:00,24.60,3. august 2022 kl. 14:00,44.80,3. september 2022 kl. 14:00,68.40
3. juli 2022 kl. 15:00,26.20,3. august 2022 kl. 15:00,50.60,3. september 2022 kl. 15:00,69.40
3. juli 2022 kl. 16:00,23.00,3. august 2022 kl. 16:00,46.00,3. september 2022 kl. 16:00,69.60
3. juli 2022 kl. 17:00,20.80,3. august 2022 kl. 17:00,52.00,3. september 2022 kl. 17:00,79.40
3. juli 2022 kl. 18:00,20.80,3. august 2022 kl. 18:00,50.60,3. september 2022 kl. 18:00,92.40
3. juli 2022 kl. 19:00,25.20,3. august 2022 kl. 19:00,55.80,3. september 2022 kl. 19:00,104.00
3. juli 2022 kl. 20:00,26.60,3. august 2022 kl. 20:00,59.40,3. september 2022 kl. 20:00,114.60
3. juli 2022 kl. 21:00,28.00,3. august 2022 kl. 21:00,49.40,3. september 2022 kl. 21:00,113.80
3. juli 2022 kl. 22:00,25.00,3. august 2022 kl. 22:00,41.40,3. september 2022 kl. 22:00,104.60
3. juli 2022 kl. 23:00,23.60,3. august 2022 kl. 23:00,34.00,3. september 2022 kl. 23:00,91.00
4. juli 2022 kl. 00:00,18.60,4. august 2022 kl. 00:00,31.40,4. september 2022 kl. 00:00,83.80
4. juli 2022 kl. 01:00,18.20,4. august 2022 kl. 01:00,27.60,4. september 2022 kl. 01:00,80.80
4. juli 2022 kl. 02:00,19.80,4. august 2022 kl. 02:00,25.80,4. september 2022 kl. 02:00,76.40
4. juli 2022 kl. 03:00,19.00,4. august 2022 kl. 03:00,27.80,4. september 2022 kl. 03:00,72.40
4. juli 2022 kl. 04:00,19.40,4. august 2022 kl. 04:00,26.40,4. september 2022 kl. 04:00,72.80
4. juli 2022 kl. 05:00,20.40,4. august 2022 kl. 05:00,26.80,4. september 2022 kl. 05:00,75.60
4. juli 2022 kl. 06:00,21.80,4. august 2022 kl. 06:00,28.60,4. september 2022 kl. 06:00,76.60
4. juli 2022 kl. 07:00,23.40,4. august 2022 kl. 07:00,27.80,4. september 2022 kl. 07:00,81.00
4. juli 2022 kl. 08:00,17.80,4. august 2022 kl. 08:00,35.80,4. september 2022 kl. 08:00,90.60
4. juli 2022 kl. 09:00,34.00,4. august 2022 kl. 09:00,51.00,4. september 2022 kl. 09:00,96.20
4. juli 2022 kl. 10:00,26.80,4. august 2022 kl. 10:00,43.00,4. september 2022 kl. 10:00,94.00
4. juli 2022 kl. 11:00,32.20,4. august 2022 kl. 11:00,50.60,4. september 2022 kl. 11:00,81.80
4. juli 2022 kl. 12:00,26.80,4. august 2022 kl. 12:00,41.00,4. september 2022 kl. 12:00,59.40
4. juli 2022 kl. 13:00,29.60,4. august 2022 kl. 13:00,42.80,4. september 2022 kl. 13:00,48.60
4. juli 2022 kl. 14:00,23.40,4. august 2022 kl. 14:00,43.20,4. september 2022 kl. 14:00,47.40
4. juli 2022 kl. 15:00,22.20,4. august 2022 kl. 15:00,47.40,4. september 2022 kl. 15:00,39.60
4. juli 2022 kl. 16:00,23.00,4. august 2022 kl. 16:00,53.60,4. september 2022 kl. 16:00,47.40
4. juli 2022 kl. 17:00,22.60,4. august 2022 kl. 17:00,66.80,4. september 2022 kl. 17:00,48.00
4. juli 2022 kl. 18:00,26.80,4. august 2022 kl. 18:00,58.80,4. september 2022 kl. 18:00,47.00
4. juli 2022 kl. 19:00,25.40,4. august 2022 kl. 19:00,59.40,4. september 2022 kl. 19:00,37.00
4. juli 2022 kl. 20:00,21.60,4. august 2022 kl. 20:00,60.00,4. september 2022 kl. 20:00,30.60
4. juli 2022 kl. 21:00,22.60,4. august 2022 kl. 21:00,56.20,4. september 2022 kl. 21:00,26.40
4. juli 2022 kl. 22:00,26.00,4. august 2022 kl. 22:00,51.20,4. september 2022 kl. 22:00,23.80
4. juli 2022 kl. 23:00,28.00,4. august 2022 kl. 23:00,54.80,4. september 2022 kl. 23:00,20.00
5. juli 2022 kl. 00:00,26.40,5. august 2022 kl. 00:00,44.40,5. september 2022 kl. 00:00,16.60
5. juli 2022 kl. 01:00,22.40,5. august 2022 kl. 01:00,40.80,5. september 2022 kl. 01:00,18.20
5. juli 2022 kl. 02:00,23.20,5. august 2022 kl. 02:00,37.00,5. september 2022 kl. 02:00,16.80
5. juli 2022 kl. 03:00,22.00,5. august 2022 kl. 03:00,37.80,5. september 2022 kl. 03:00,18.60
5. juli 2022 kl. 04:00,22.20,5. august 2022 kl. 04:00,39.20,5. september 2022 kl. 04:00,16.60
5. juli 2022 kl. 05:00,21.20,5. august 2022 kl. 05:00,42.00,5. september 2022 kl. 05:00,16.40
5. juli 2022 kl. 06:00,22.00,5. august 2022 kl. 06:00,39.80,5. september 2022 kl. 06:00,16.40
5. juli 2022 kl. 07:00,25.80,5. august 2022 kl. 07:00,35.00,5. september 2022 kl. 07:00,18.20
5. juli 2022 kl. 08:00,21.00,5. august 2022 kl. 08:00,51.40,5. september 2022 kl. 08:00,18.40
5. juli 2022 kl. 09:00,27.80,5. august 2022 kl. 09:00,62.20,5. september 2022 kl. 09:00,21.20
5. juli 2022 kl. 10:00,32.80,5. august 2022 kl. 10:00,58.00,5. september 2022 kl. 10:00,20.00
5. juli 2022 kl. 11:00,24.40,5. august 2022 kl. 11:00,58.60,5. september 2022 kl. 11:00,19.40
5. juli 2022 kl. 12:00,23.20,5. august 2022 kl. 12:00,59.00,5. september 2022 kl. 12:00,17.40
5. juli 2022 kl. 13:00,20.00,5. august 2022 kl. 13:00,52.40,5. september 2022 kl. 13:00,17.60
5. juli 2022 kl. 14:00,20.40,5. august 2022 kl. 14:00,63.40,5. september 2022 kl. 14:00,18.60
5. juli 2022 kl. 15:00,22.40,5. august 2022 kl. 15:00,61.20,5. september 2022 kl. 15:00,18.80
5. juli 2022 kl. 16:00,24.20,5. august 2022 kl. 16:00,77.60,5. september 2022 kl. 16:00,18.00
5. juli 2022 kl. 17:00,23.80,5. august 2022 kl. 17:00,83.00,5. september 2022 kl. 17:00,17.20
5. juli 2022 kl. 18:00,28.40,5. august 2022 kl. 18:00,83.60,5. september 2022 kl. 18:00,20.40
5. juli 2022 kl. 19:00,28.60,5. august 2022 kl. 19:00,85.80,5. september 2022 kl. 19:00,18.00
5. juli 2022 kl. 20:00,25.40,5. august 2022 kl. 20:00,85.40,5. september 2022 kl. 20:00,19.00
5. juli 2022 kl. 21:00,27.80,5. august 2022 kl. 21:00,89.00,5. september 2022 kl. 21:00,20.00
5. juli 2022 kl. 22:00,27.60,5. august 2022 kl. 22:00,83.20,5. september 2022 kl. 22:00,21.80
5. juli 2022 kl. 23:00,23.20,5. august 2022 kl. 23:00,88.60,5. september 2022 kl. 23:00,21.20
6. juli 2022 kl. 00:00,22.20,6. august 2022 kl. 00:00,85.60,6. september 2022 kl. 00:00,18.60
6. juli 2022 kl. 01:00,19.20,6. august 2022 kl. 01:00,69.00,6. september 2022 kl. 01:00,17.60
6. juli 2022 kl. 02:00,20.40,6. august 2022 kl. 02:00,70.00,6. september 2022 kl. 02:00,18.20
6. juli 2022 kl. 03:00,22.00,6. august 2022 kl. 03:00,62.40,6. september 2022 kl. 03:00,18.80
6. juli 2022 kl. 04:00,22.80,6. august 2022 kl. 04:00,62.00,6. september 2022 kl. 04:00,20.00
6. juli 2022 kl. 05:00,21.80,6. august 2022 kl. 05:00,59.20,6. september 2022 kl. 05:00,21.60
6. juli 2022 kl. 06:00,20.00,6. august 2022 kl. 06:00,61.00,6. september 2022 kl. 06:00,20.20
6. juli 2022 kl. 07:00,19.60,6. august 2022 kl. 07:00,57.40,6. september 2022 kl. 07:00,22.00
6. juli 2022 kl. 08:00,21.00,6. august 2022 kl. 08:00,59.20,6. september 2022 kl. 08:00,23.80
6. juli 2022 kl. 09:00,28.00,6. august 2022 kl. 09:00,62.80,6. september 2022 kl. 09:00,24.80
6. juli 2022 kl. 10:00,27.40,6. august 2022 kl. 10:00,68.80,6. september 2022 kl. 10:00,32.80
6. juli 2022 kl. 11:00,25.80,6. august 2022 kl. 11:00,74.40,6. september 2022 kl. 11:00,37.40
6. juli 2022 kl. 12:00,27.40,6. august 2022 kl. 12:00,86.20,6. september 2022 kl. 12:00,40.60
6. juli 2022 kl. 13:00,24.20,6. august 2022 kl. 13:00,84.00,6. september 2022 kl. 13:00,33.60
6. juli 2022 kl. 14:00,24.60,6. august 2022 kl. 14:00,79.00,6. september 2022 kl. 14:00,32.00
6. juli 2022 kl. 15:00,28.20,6. august 2022 kl. 15:00,80.20,6. september 2022 kl. 15:00,35.40
6. juli 2022 kl. 16:00,26.20,6. august 2022 kl. 16:00,75.80,6. september 2022 kl. 16:00,33.20
6. juli 2022 kl. 17:00,32.40,6. august 2022 kl. 17:00,78.60,6. september 2022 kl. 17:00,35.60
6. juli 2022 kl. 18:00,38.00,6. august 2022 kl. 18:00,92.80,6. september 2022 kl. 18:00,31.20
6. juli 2022 kl. 19:00,35.20,6. august 2022 kl. 19:00,90.80,6. september 2022 kl. 19:00,28.20
6. juli 2022 kl. 20:00,38.80,6. august 2022 kl. 20:00,84.60,6. september 2022 kl. 20:00,28.40
6. juli 2022 kl. 21:00,36.20,6. august 2022 kl. 21:00,82.20,6. september 2022 kl. 21:00,26.20
6. juli 2022 kl. 22:00,36.20,6. august 2022 kl. 22:00,82.40,6. september 2022 kl. 22:00,24.20
6. juli 2022 kl. 23:00,28.00,6. august 2022 kl. 23:00,80.00,6. september 2022 kl. 23:00,23.40
7. juli 2022 kl. 00:00,23.40,7. august 2022 kl. 00:00,79.20,7. september 2022 kl. 00:00,24.40
7. juli 2022 kl. 01:00,22.80,7. august 2022 kl. 01:00,83.80,7. september 2022 kl. 01:00,23.20
7. juli 2022 kl. 02:00,20.80,7. august 2022 kl. 02:00,84.20,7. september 2022 kl. 02:00,20.40
7. juli 2022 kl. 03:00,20.60,7. august 2022 kl. 03:00,76.20,7. september 2022 kl. 03:00,20.80
7. juli 2022 kl. 04:00,21.80,7. august 2022 kl. 04:00,74.00,7. september 2022 kl. 04:00,23.20
7. juli 2022 kl. 05:00,20.60,7. august 2022 kl. 05:00,68.00,7. september 2022 kl. 05:00,24.00
7. juli 2022 kl. 06:00,21.60,7. august 2022 kl. 06:00,62.20,7. september 2022 kl. 06:00,25.00
7. juli 2022 kl. 07:00,24.20,7. august 2022 kl. 07:00,58.80,7. september 2022 kl. 07:00,24.40
7. juli 2022 kl. 08:00,29.60,7. august 2022 kl. 08:00,67.20,7. september 2022 kl. 08:00,20.60
7. juli 2022 kl. 09:00,31.00,7. august 2022 kl. 09:00,68.20,7. september 2022 kl. 09:00,20.60
7. juli 2022 kl. 10:00,36.20,7. august 2022 kl. 10:00,65.20,7. september 2022 kl. 10:00,26.80
7. juli 2022 kl. 11:00,26.80,7. august 2022 kl. 11:00,55.00,7. september 2022 kl. 11:00,32.60
7. juli 2022 kl. 12:00,27.60,7. august 2022 kl. 12:00,48.40,7. september 2022 kl. 12:00,31.40
7. juli 2022 kl. 13:00,27.60,7. august 2022 kl. 13:00,52.40,7. september 2022 kl. 13:00,27.60
7. juli 2022 kl. 14:00,28.00,7. august 2022 kl. 14:00,58.20,7. september 2022 kl. 14:00,30.20
7. juli 2022 kl. 15:00,29.40,7. august 2022 kl. 15:00,49.40,7. september 2022 kl. 15:00,29.20
7. juli 2022 kl. 16:00,26.60,7. august 2022 kl. 16:00,48.60,7. september 2022 kl. 16:00,24.40
7. juli 2022 kl. 17:00,28.40,7. august 2022 kl. 17:00,57.20,7. september 2022 kl. 17:00,27.40
7. juli 2022 kl. 18:00,33.00,7. august 2022 kl. 18:00,48.00,7. september 2022 kl. 18:00,27.00
7. juli 2022 kl. 19:00,27.60,7. august 2022 kl. 19:00,42.00,7. september 2022 kl. 19:00,28.60
7. juli 2022 kl. 20:00,25.00,7. august 2022 kl. 20:00,36.00,7. september 2022 kl. 20:00,28.20
7. juli 2022 kl. 21:00,30.60,7. august 2022 kl. 21:00,34.00,7. september 2022 kl. 21:00,27.80
7. juli 2022 kl. 22:00,31.40,7. august 2022 kl. 22:00,32.00,7. september 2022 kl. 22:00,20.60
7. juli 2022 kl. 23:00,27.80,7. august 2022 kl. 23:00,31.40,7. september 2022 kl. 23:00,23.20
8. juli 2022 kl. 00:00,22.60,8. august 2022 kl. 00:00,29.60,8. september 2022 kl. 00:00,20.20
8. juli 2022 kl. 01:00,21.20,8. august 2022 kl. 01:00,34.80,8. september 2022 kl. 01:00,20.20
8. juli 2022 kl. 02:00,19.00,8. august 2022 kl. 02:00,34.60,8. september 2022 kl. 02:00,20.60
8. juli 2022 kl. 03:00,20.00,8. august 2022 kl. 03:00,35.00,8. september 2022 kl. 03:00,19.20
8. juli 2022 kl. 04:00,20.60,8. august 2022 kl. 04:00,36.00,8. september 2022 kl. 04:00,19.40
8. juli 2022 kl. 05:00,21.60,8. august 2022 kl. 05:00,35.20,8. september 2022 kl. 05:00,20.00
8. juli 2022 kl. 06:00,22.80,8. august 2022 kl. 06:00,32.60,8. september 2022 kl. 06:00,21.40
8. juli 2022 kl. 07:00,23.80,8. august 2022 kl. 07:00,33.20,8. september 2022 kl. 07:00,20.60
8. juli 2022 kl. 08:00,28.40,8. august 2022 kl. 08:00,35.40,8. september 2022 kl. 08:00,20.60
8. juli 2022 kl. 09:00,35.80,8. august 2022 kl. 09:00,36.40,8. september 2022 kl. 09:00,19.00
8. juli 2022 kl. 10:00,31.00,8. august 2022 kl. 10:00,32.60,8. september 2022 kl. 10:00,29.60
8. juli 2022 kl. 11:00,28.40,8. august 2022 kl. 11:00,27.20,8. september 2022 kl. 11:00,34.60
8. juli 2022 kl. 12:00,33.20,8. august 2022 kl. 12:00,24.60,8. september 2022 kl. 12:00,37.60
8. juli 2022 kl. 13:00,35.80,8. august 2022 kl. 13:00,28.00,8. september 2022 kl. 13:00,34.00
8. juli 2022 kl. 14:00,33.60,8. august 2022 kl. 14:00,27.60,8. september 2022 kl. 14:00,36.60
8. juli 2022 kl. 15:00,41.40,8. august 2022 kl. 15:00,28.20,8. september 2022 kl. 15:00,32.60
8. juli 2022 kl. 16:00,48.60,8. august 2022 kl. 16:00,26.60,8. september 2022 kl. 16:00,34.20
8. juli 2022 kl. 17:00,49.20,8. august 2022 kl. 17:00,35.80,8. september 2022 kl. 17:00,32.20
8. juli 2022 kl. 18:00,54.80,8. august 2022 kl. 18:00,38.00,8. september 2022 kl. 18:00,36.80
8. juli 2022 kl. 19:00,51.20,8. august 2022 kl. 19:00,36.20,8. september 2022 kl. 19:00,36.40
8. juli 2022 kl. 20:00,47.40,8. august 2022 kl. 20:00,32.00,8. september 2022 kl. 20:00,40.40
8. juli 2022 kl. 21:00,45.60,8. august 2022 kl. 21:00,30.80,8. september 2022 kl. 21:00,32.40
8. juli 2022 kl. 22:00,41.80,8. august 2022 kl. 22:00,33.40,8. september 2022 kl. 22:00,28.40
8. juli 2022 kl. 23:00,47.00,8. august 2022 kl. 23:00,25.80,8. september 2022 kl. 23:00,25.00
9. juli 2022 kl. 00:00,36.40,9. august 2022 kl. 00:00,24.20,9. september 2022 kl. 00:00,23.80
9. juli 2022 kl. 01:00,28.00,9. august 2022 kl. 01:00,22.60,9. september 2022 kl. 01:00,24.40
9. juli 2022 kl. 02:00,28.40,9. august 2022 kl. 02:00,23.60,9. september 2022 kl. 02:00,25.20
9. juli 2022 kl. 03:00,24.20,9. august 2022 kl. 03:00,24.60,9. september 2022 kl. 03:00,25.20
9. juli 2022 kl. 04:00,26.60,9. august 2022 kl. 04:00,24.80,9. september 2022 kl. 04:00,26.00
9. juli 2022 kl. 05:00,24.60,9. august 2022 kl. 05:00,24.60,9. september 2022 kl. 05:00,25.80
9. juli 2022 kl. 06:00,23.40,9. august 2022 kl. 06:00,25.40,9. september 2022 kl. 06:00,26.80
9. juli 2022 kl. 07:00,30.60,9. august 2022 kl. 07:00,25.60,9. september 2022 kl. 07:00,27.20
9. juli 2022 kl. 08:00,36.20,9. august 2022 kl. 08:00,33.60,9. september 2022 kl. 08:00,32.60
9. juli 2022 kl. 09:00,38.00,9. august 2022 kl. 09:00,30.80,9. september 2022 kl. 09:00,26.20
9. juli 2022 kl. 10:00,44.60,9. august 2022 kl. 10:00,30.60,9. september 2022 kl. 10:00,34.80
9. juli 2022 kl. 11:00,46.20,9. august 2022 kl. 11:00,37.80,9. september 2022 kl. 11:00,35.40
9. juli 2022 kl. 12:00,44.00,9. august 2022 kl. 12:00,42.80,9. september 2022 kl. 12:00,34.00
9. juli 2022 kl. 13:00,34.60,9. august 2022 kl. 13:00,47.20,9. september 2022 kl. 13:00,40.20
9. juli 2022 kl. 14:00,33.20,9. august 2022 kl. 14:00,42.40,9. september 2022 kl. 14:00,40.60
9. juli 2022 kl. 15:00,36.80,9. august 2022 kl. 15:00,43.20,9. september 2022 kl. 15:00,37.00
9. juli 2022 kl. 16:00,41.20,9. august 2022 kl. 16:00,41.40,9. september 2022 kl. 16:00,34.80
9. juli 2022 kl. 17:00,43.80,9. august 2022 kl. 17:00,45.40,9. september 2022 kl. 17:00,43.60
9. juli 2022 kl. 18:00,54.60,9. august 2022 kl. 18:00,46.00,9. september 2022 kl. 18:00,44.60
9. juli 2022 kl. 19:00,58.00,9. august 2022 kl. 19:00,43.00,9. september 2022 kl. 19:00,51.80
9. juli 2022 kl. 20:00,54.20,9. august 2022 kl. 20:00,44.40,9. september 2022 kl. 20:00,49.00
9. juli 2022 kl. 21:00,51.00,9. august 2022 kl. 21:00,38.80,9. september 2022 kl. 21:00,45.40
9. juli 2022 kl. 22:00,50.20,9. august 2022 kl. 22:00,33.80,9. september 2022 kl. 22:00,45.40
9. juli 2022 kl. 23:00,46.00,9. august 2022 kl. 23:00,28.40,9. september 2022 kl. 23:00,37.80
10. juli 2022 kl. 00:00,39.00,10. august 2022 kl. 00:00,24.40,10. september 2022 kl. 00:00,31.20
10. juli 2022 kl. 01:00,35.80,10. august 2022 kl. 01:00,23.20,10. september 2022 kl. 01:00,29.80
10. juli 2022 kl. 02:00,34.20,10. august 2022 kl. 02:00,24.40,10. september 2022 kl. 02:00,29.40
10. juli 2022 kl. 03:00,32.20,10. august 2022 kl. 03:00,24.60,10. september 2022 kl. 03:00,32.00
10. juli 2022 kl. 04:00,32.40,10. august 2022 kl. 04:00,25.00,10. september 2022 kl. 04:00,30.60
10. juli 2022 kl. 05:00,32.40,10. august 2022 kl. 05:00,22.40,10. september 2022 kl. 05:00,30.80
10. juli 2022 kl. 06:00,33.20,10. august 2022 kl. 06:00,25.60,10. september 2022 kl. 06:00,32.60
10. juli 2022 kl. 07:00,34.00,10. august 2022 kl. 07:00,25.20,10. september 2022 kl. 07:00,35.60
10. juli 2022 kl. 08:00,38.00,10. august 2022 kl. 08:00,31.80,10. september 2022 kl. 08:00,32.40
10. juli 2022 kl. 09:00,47.00,10. august 2022 kl. 09:00,30.80,10. september 2022 kl. 09:00,30.00
10. juli 2022 kl. 10:00,52.00,10. august 2022 kl. 10:00,31.40,10. september 2022 kl. 10:00,38.60
10. juli 2022 kl. 11:00,45.40,10. august 2022 kl. 11:00,35.20,10. september 2022 kl. 11:00,38.40
10. juli 2022 kl. 12:00,34.00,10. august 2022 kl. 12:00,37.00,10. september 2022 kl. 12:00,44.80
10. juli 2022 kl. 13:00,36.40,10. august 2022 kl. 13:00,45.60,10. september 2022 kl. 13:00,39.60
10. juli 2022 kl. 14:00,35.80,10. august 2022 kl. 14:00,49.80,10. september 2022 kl. 14:00,44.00
10. juli 2022 kl. 15:00,33.40,10. august 2022 kl. 15:00,44.80,10. september 2022 kl. 15:00,39.40
10. juli 2022 kl. 16:00,33.20,10. august 2022 kl. 16:00,45.20,10. september 2022 kl. 16:00,49.80
10. juli 2022 kl. 17:00,39.40,10. august 2022 kl. 17:00,48.60,10. september 2022 kl. 17:00,51.80
10. juli 2022 kl. 18:00,39.40,10. august 2022 kl. 18:00,54.20,10. september 2022 kl. 18:00,58.60
10. juli 2022 kl. 19:00,34.40,10. august 2022 kl. 19:00,62.60,10. september 2022 kl. 19:00,62.00
10. juli 2022 kl. 20:00,30.60,10. august 2022 kl. 20:00,46.60,10. september 2022 kl. 20:00,53.40
10. juli 2022 kl. 21:00,37.00,10. august 2022 kl. 21:00,39.60,10. september 2022 kl. 21:00,41.20
10. juli 2022 kl. 22:00,42.60,10. august 2022 kl. 22:00,35.20,10. september 2022 kl. 22:00,44.20
10. juli 2022 kl. 23:00,34.00,10. august 2022 kl. 23:00,29.40,10. september 2022 kl. 23:00,43.80
11. juli 2022 kl. 00:00,25.80,11. august 2022 kl. 00:00,27.20,11. september 2022 kl. 00:00,39.80
11. juli 2022 kl. 01:00,28.00,11. august 2022 kl. 01:00,26.80,11. september 2022 kl. 01:00,33.20
11. juli 2022 kl. 02:00,29.40,11. august 2022 kl. 02:00,25.60,11. september 2022 kl. 02:00,34.60
11. juli 2022 kl. 03:00,27.40,11. august 2022 kl. 03:00,26.20,11. september 2022 kl. 03:00,32.40
11. juli 2022 kl. 04:00,26.80,11. august 2022 kl. 04:00,23.00,11. september 2022 kl. 04:00,36.20
11. juli 2022 kl. 05:00,24.80,11. august 2022 kl. 05:00,27.20,11. september 2022 kl. 05:00,37.40
11. juli 2022 kl. 06:00,26.60,11. august 2022 kl. 06:00,27.80,11. september 2022 kl. 06:00,39.40
11. juli 2022 kl. 07:00,37.20,11. august 2022 kl. 07:00,27.20,11. september 2022 kl. 07:00,36.00
11. juli 2022 kl. 08:00,32.40,11. august 2022 kl. 08:00,32.00,11. september 2022 kl. 08:00,27.80
11. juli 2022 kl. 09:00,34.20,11. august 2022 kl. 09:00,34.20,11. september 2022 kl. 09:00,37.00
11. juli 2022 kl. 10:00,38.60,11. august 2022 kl. 10:00,32.20,11. september 2022 kl. 10:00,47.20
11. juli 2022 kl. 11:00,36.40,11. august 2022 kl. 11:00,40.60,11. september 2022 kl. 11:00,42.00
11. juli 2022 kl. 12:00,29.20,11. august 2022 kl. 12:00,52.40,11. september 2022 kl. 12:00,38.20
11. juli 2022 kl. 13:00,29.80,11. august 2022 kl. 13:00,48.40,11. september 2022 kl. 13:00,36.80
11. juli 2022 kl. 14:00,32.80,11. august 2022 kl. 14:00,43.60,11. september 2022 kl. 14:00,29.20
11. juli 2022 kl. 15:00,37.40,11. august 2022 kl. 15:00,45.80,11. september 2022 kl. 15:00,38.20
11. juli 2022 kl. 16:00,32.80,11. august 2022 kl. 16:00,54.00,11. september 2022 kl. 16:00,35.60
11. juli 2022 kl. 17:00,38.80,11. august 2022 kl. 17:00,52.20,11. september 2022 kl. 17:00,36.80
11. juli 2022 kl. 18:00,37.00,11. august 2022 kl. 18:00,54.40,11. september 2022 kl. 18:00,35.60
11. juli 2022 kl. 19:00,39.20,11. august 2022 kl. 19:00,51.60,11. september 2022 kl. 19:00,33.60
11. juli 2022 kl. 20:00,39.80,11. august 2022 kl. 20:00,51.60,11. september 2022 kl. 20:00,36.80
11. juli 2022 kl. 21:00,34.20,11. august 2022 kl. 21:00,46.20,11. september 2022 kl. 21:00,29.20
11. juli 2022 kl. 22:00,34.60,11. august 2022 kl. 22:00,41.20,11. september 2022 kl. 22:00,23.00
11. juli 2022 kl. 23:00,31.40,11. august 2022 kl. 23:00,34.60,11. september 2022 kl. 23:00,25.00
12. juli 2022 kl. 00:00,29.60,12. august 2022 kl. 00:00,32.40,12. september 2022 kl. 00:00,24.00
12. juli 2022 kl. 01:00,28.00,12. august 2022 kl. 01:00,28.80,12. september 2022 kl. 01:00,26.20
12. juli 2022 kl. 02:00,27.00,12. august 2022 kl. 02:00,29.00,12. september 2022 kl. 02:00,26.60
12. juli 2022 kl. 03:00,29.40,12. august 2022 kl. 03:00,28.40,12. september 2022 kl. 03:00,26.20
12. juli 2022 kl. 04:00,27.80,12. august 2022 kl. 04:00,29.20,12. september 2022 kl. 04:00,20.80
12. juli 2022 kl. 05:00,25.60,12. august 2022 kl. 05:00,29.40,12. september 2022 kl. 05:00,21.20
12. juli 2022 kl. 06:00,29.20,12. august 2022 kl. 06:00,31.00,12. september 2022 kl. 06:00,20.40
12. juli 2022 kl. 07:00,30.60,12. august 2022 kl. 07:00,33.60,12. september 2022 kl. 07:00,23.60
12. juli 2022 kl. 08:00,34.00,12. august 2022 kl. 08:00,33.60,12. september 2022 kl. 08:00,23.40
12. juli 2022 kl. 09:00,42.80,12. august 2022 kl. 09:00,35.00,12. september 2022 kl. 09:00,21.00
12. juli 2022 kl. 10:00,37.00,12. august 2022 kl. 10:00,33.20,12. september 2022 kl. 10:00,18.60
12. juli 2022 kl. 11:00,31.60,12. august 2022 kl. 11:00,45.60,12. september 2022 kl. 11:00,18.20
12. juli 2022 kl. 12:00,33.00,12. august 2022 kl. 12:00,40.40,12. september 2022 kl. 12:00,20.60
12. juli 2022 kl. 13:00,31.60,12. august 2022 kl. 13:00,48.60,12. september 2022 kl. 13:00,21.60
12. juli 2022 kl. 14:00,36.60,12. august 2022 kl. 14:00,47.80,12. september 2022 kl. 14:00,18.00
12. juli 2022 kl. 15:00,39.20,12. august 2022 kl. 15:00,48.40,12. september 2022 kl. 15:00,19.40
12. juli 2022 kl. 16:00,36.20,12. august 2022 kl. 16:00,55.20,12. september 2022 kl. 16:00,19.60
12. juli 2022 kl. 17:00,44.20,12. august 2022 kl. 17:00,57.20,12. september 2022 kl. 17:00,22.60
12. juli 2022 kl. 18:00,46.80,12. august 2022 kl. 18:00,65.40,12. september 2022 kl. 18:00,18.60
12. juli 2022 kl. 19:00,42.00,12. august 2022 kl. 19:00,72.60,12. september 2022 kl. 19:00,20.20
12. juli 2022 kl. 20:00,37.40,12. august 2022 kl. 20:00,70.80,12. september 2022 kl. 20:00,24.80
12. juli 2022 kl. 21:00,35.40,12. august 2022 kl. 21:00,70.40,12. september 2022 kl. 21:00,22.60
12. juli 2022 kl. 22:00,31.60,12. august 2022 kl. 22:00,55.40,12. september 2022 kl. 22:00,22.00
12. juli 2022 kl. 23:00,31.00,12. august 2022 kl. 23:00,49.20,12. september 2022 kl. 23:00,19.40
13. juli 2022 kl. 00:00,24.40,13. august 2022 kl. 00:00,42.40,13. september 2022 kl. 00:00,18.80
13. juli 2022 kl. 01:00,24.40,13. august 2022 kl. 01:00,38.60,13. september 2022 kl. 01:00,18.80
13. juli 2022 kl. 02:00,23.40,13. august 2022 kl. 02:00,35.60,13. september 2022 kl. 02:00,19.40
13. juli 2022 kl. 03:00,23.80,13. august 2022 kl. 03:00,34.20,13. september 2022 kl. 03:00,18.40
13. juli 2022 kl. 04:00,23.00,13. august 2022 kl. 04:00,37.00,13. september 2022 kl. 04:00,19.60
13. juli 2022 kl. 05:00,23.60,13. august 2022 kl. 05:00,36.20,13. september 2022 kl. 05:00,19.80
13. juli 2022 kl. 06:00,23.80,13. august 2022 kl. 06:00,36.80,13. september 2022 kl. 06:00,18.40
13. juli 2022 kl. 07:00,24.80,13. august 2022 kl. 07:00,39.00,13. september 2022 kl. 07:00,23.20
13. juli 2022 kl. 08:00,38.80,13. august 2022 kl. 08:00,50.80,13. september 2022 kl. 08:00,23.00
13. juli 2022 kl. 09:00,37.00,13. august 2022 kl. 09:00,53.20,13. september 2022 kl. 09:00,20.40
13. juli 2022 kl. 10:00,36.60,13. august 2022 kl. 10:00,54.20,13. september 2022 kl. 10:00,19.00
13. juli 2022 kl. 11:00,34.20,13. august 2022 kl. 11:00,62.00,13. september 2022 kl. 11:00,28.60
13. juli 2022 kl. 12:00,26.80,13. august 2022 kl. 12:00,60.80,13. september 2022 kl. 12:00,30.40
13. juli 2022 kl. 13:00,31.00,13. august 2022 kl. 13:00,53.60,13. september 2022 kl. 13:00,33.20
13. juli 2022 kl. 14:00,32.20,13. august 2022 kl. 14:00,57.60,13. september 2022 kl. 14:00,32.20
13. juli 2022 kl. 15:00,39.60,13. august 2022 kl. 15:00,59.60,13. september 2022 kl. 15:00,30.40
13. juli 2022 kl. 16:00,34.40,13. august 2022 kl. 16:00,63.60,13. september 2022 kl. 16:00,32.00
13. juli 2022 kl. 17:00,43.40,13. august 2022 kl. 17:00,64.40,13. september 2022 kl. 17:00,34.20
13. juli 2022 kl. 18:00,40.20,13. august 2022 kl. 18:00,69.00,13. september 2022 kl. 18:00,35.40
13. juli 2022 kl. 19:00,41.40,13. august 2022 kl. 19:00,66.40,13. september 2022 kl. 19:00,37.20
13. juli 2022 kl. 20:00,37.40,13. august 2022 kl. 20:00,69.20,13. september 2022 kl. 20:00,34.40
13. juli 2022 kl. 21:00,29.00,13. august 2022 kl. 21:00,62.80,13. september 2022 kl. 21:00,31.00
13. juli 2022 kl. 22:00,29.40,13. august 2022 kl. 22:00,58.20,13. september 2022 kl. 22:00,25.60
13. juli 2022 kl. 23:00,29.40,13. august 2022 kl. 23:00,44.80,13. september 2022 kl. 23:00,24.80
14. juli 2022 kl. 00:00,27.00,14. august 2022 kl. 00:00,39.40,14. september 2022 kl. 00:00,21.00
14. juli 2022 kl. 01:00,25.00,14. august 2022 kl. 01:00,39.60,14. september 2022 kl. 01:00,18.80
14. juli 2022 kl. 02:00,23.60,14. august 2022 kl. 02:00,37.00,14. september 2022 kl. 02:00,21.20
14. juli 2022 kl. 03:00,22.60,14. august 2022 kl. 03:00,37.20,14. september 2022 kl. 03:00,20.80
14. juli 2022 kl. 04:00,22.00,14. august 2022 kl. 04:00,38.60,14. september 2022 kl. 04:00,18.80
14. juli 2022 kl. 05:00,22.80,14. august 2022 kl. 05:00,37.80,14. september 2022 kl. 05:00,20.40
14. juli 2022 kl. 06:00,24.60,14. august 2022 kl. 06:00,37.40,14. september 2022 kl. 06:00,22.00
14. juli 2022 kl. 07:00,26.20,14. august 2022 kl. 07:00,40.40,14. september 2022 kl. 07:00,19.60
14. juli 2022 kl. 08:00,32.60,14. august 2022 kl. 08:00,37.20,14. september 2022 kl. 08:00,20.60
14. juli 2022 kl. 09:00,36.80,14. august 2022 kl. 09:00,43.20,14. september 2022 kl. 09:00,23.20
14. juli 2022 kl. 10:00,42.60,14. august 2022 kl. 10:00,45.60,14. september 2022 kl. 10:00,33.60
14. juli 2022 kl. 11:00,37.60,14. august 2022 kl. 11:00,41.20,14. september 2022 kl. 11:00,34.60
14. juli 2022 kl. 12:00,38.00,14. august 2022 kl. 12:00,57.80,14. september 2022 kl. 12:00,34.00
14. juli 2022 kl. 13:00,28.00,14. august 2022 kl. 13:00,52.40,14. september 2022 kl. 13:00,30.80
14. juli 2022 kl. 14:00,30.60,14. august 2022 kl. 14:00,48.80,14. september 2022 kl. 14:00,34.40
14. juli 2022 kl. 15:00,36.20,14. august 2022 kl. 15:00,54.00,14. september 2022 kl. 15:00,33.60
14. juli 2022 kl. 16:00,46.60,14. august 2022 kl. 16:00,51.20,14. september 2022 kl. 16:00,32.20
14. juli 2022 kl. 17:00,62.20,14. august 2022 kl. 17:00,49.40,14. september 2022 kl. 17:00,36.40
14. juli 2022 kl. 18:00,47.20,14. august 2022 kl. 18:00,48.40,14. september 2022 kl. 18:00,38.20
14. juli 2022 kl. 19:00,57.40,14. august 2022 kl. 19:00,44.60,14. september 2022 kl. 19:00,37.60
14. juli 2022 kl. 20:00,64.00,14. august 2022 kl. 20:00,41.80,14. september 2022 kl. 20:00,35.80
14. juli 2022 kl. 21:00,57.80,14. august 2022 kl. 21:00,36.80,14. september 2022 kl. 21:00,30.00
14. juli 2022 kl. 22:00,54.80,14. august 2022 kl. 22:00,27.40,14. september 2022 kl. 22:00,26.20
14. juli 2022 kl. 23:00,47.60,14. august 2022 kl. 23:00,22.80,14. september 2022 kl. 23:00,25.40
15. juli 2022 kl. 00:00,35.80,15. august 2022 kl. 00:00,22.20,15. september 2022 kl. 00:00,23.00
15. juli 2022 kl. 01:00,38.00,15. august 2022 kl. 01:00,23.20,15. september 2022 kl. 01:00,20.80
15. juli 2022 kl. 02:00,38.60,15. august 2022 kl. 02:00,20.20,15. september 2022 kl. 02:00,21.80
15. juli 2022 kl. 03:00,35.40,15. august 2022 kl. 03:00,19.00,15. september 2022 kl. 03:00,21.80
15. juli 2022 kl. 04:00,34.80,15. august 2022 kl. 04:00,19.00,15. september 2022 kl. 04:00,21.00
15. juli 2022 kl. 05:00,33.80,15. august 2022 kl. 05:00,17.80,15. september 2022 kl. 05:00,22.60
15. juli 2022 kl. 06:00,30.40,15. august 2022 kl. 06:00,17.00,15. september 2022 kl. 06:00,24.20
15. juli 2022 kl. 07:00,26.60,15. august 2022 kl. 07:00,22.40,15. september 2022 kl. 07:00,22.40
15. juli 2022 kl. 08:00,36.20,15. august 2022 kl. 08:00,24.40,15. september 2022 kl. 08:00,24.00
15. juli 2022 kl. 09:00,44.80,15. august 2022 kl. 09:00,21.80,15. september 2022 kl. 09:00,24.40
15. juli 2022 kl. 10:00,39.60,15. august 2022 kl. 10:00,18.60,15. september 2022 kl. 10:00,35.60
15. juli 2022 kl. 11:00,39.60,15. august 2022 kl. 11:00,18.40,15. september 2022 kl. 11:00,33.20
15. juli 2022 kl. 12:00,36.80,15. august 2022 kl. 12:00,23.80,15. september 2022 kl. 12:00,33.20
15. juli 2022 kl. 13:00,38.40,15. august 2022 kl. 13:00,21.00,15. september 2022 kl. 13:00,33.40
15. juli 2022 kl. 14:00,34.60,15. august 2022 kl. 14:00,23.80,15. september 2022 kl. 14:00,32.60
15. juli 2022 kl. 15:00,36.20,15. august 2022 kl. 15:00,24.20,15. september 2022 kl. 15:00,31.80
15. juli 2022 kl. 16:00,42.40,15. august 2022 kl. 16:00,25.40,15. september 2022 kl. 16:00,37.20
15. juli 2022 kl. 17:00,43.60,15. august 2022 kl. 17:00,28.20,15. september 2022 kl. 17:00,35.60
15. juli 2022 kl. 18:00,49.60,15. august 2022 kl. 18:00,25.20,15. september 2022 kl. 18:00,37.00
15. juli 2022 kl. 19:00,58.00,15. august 2022 kl. 19:00,27.40,15. september 2022 kl. 19:00,41.40
15. juli 2022 kl. 20:00,59.40,15. august 2022 kl. 20:00,30.40,15. september 2022 kl. 20:00,43.00
15. juli 2022 kl. 21:00,66.80,15. august 2022 kl. 21:00,27.60,15. september 2022 kl. 21:00,37.80
15. juli 2022 kl. 22:00,74.20,15. august 2022 kl. 22:00,28.60,15. september 2022 kl. 22:00,33.80
15. juli 2022 kl. 23:00,60.80,15. august 2022 kl. 23:00,24.60,15. september 2022 kl. 23:00,28.60
16. juli 2022 kl. 00:00,52.00,16. august 2022 kl. 00:00,20.40,16. september 2022 kl. 00:00,23.80
16. juli 2022 kl. 01:00,47.80,16. august 2022 kl. 01:00,21.20,16. september 2022 kl. 01:00,21.40
16. juli 2022 kl. 02:00,43.80,16. august 2022 kl. 02:00,19.00,16. september 2022 kl. 02:00,23.00
16. juli 2022 kl. 03:00,41.80,16. august 2022 kl. 03:00,19.80,16. september 2022 kl. 03:00,24.40
16. juli 2022 kl. 04:00,43.60,16. august 2022 kl. 04:00,18.40,16. september 2022 kl. 04:00,23.60
16. juli 2022 kl. 05:00,46.80,16. august 2022 kl. 05:00,18.80,16. september 2022 kl. 05:00,22.40
16. juli 2022 kl. 06:00,45.00,16. august 2022 kl. 06:00,18.60,16. september 2022 kl. 06:00,25.40
16. juli 2022 kl. 07:00,46.20,16. august 2022 kl. 07:00,22.00,16. september 2022 kl. 07:00,20.80
16. juli 2022 kl. 08:00,50.00,16. august 2022 kl. 08:00,22.40,16. september 2022 kl. 08:00,22.60
16. juli 2022 kl. 09:00,57.40,16. august 2022 kl. 09:00,20.80,16. september 2022 kl. 09:00,24.00
16. juli 2022 kl. 10:00,57.60,16. august 2022 kl. 10:00,19.60,16. september 2022 kl. 10:00,29.20
16. juli 2022 kl. 11:00,56.60,16. august 2022 kl. 11:00,26.80,16. september 2022 kl. 11:00,30.40
16. juli 2022 kl. 12:00,55.40,16. august 2022 kl. 12:00,24.80,16. september 2022 kl. 12:00,31.80
16. juli 2022 kl. 13:00,42.40,16. august 2022 kl. 13:00,33.20,16. september 2022 kl. 13:00,30.60
16. juli 2022 kl. 14:00,47.80,16. august 2022 kl. 14:00,34.20,16. september 2022 kl. 14:00,29.60
16. juli 2022 kl. 15:00,50.20,16. august 2022 kl. 15:00,32.80,16. september 2022 kl. 15:00,34.40
16. juli 2022 kl. 16:00,48.40,16. august 2022 kl. 16:00,34.60,16. september 2022 kl. 16:00,35.20
16. juli 2022 kl. 17:00,48.60,16. august 2022 kl. 17:00,42.60,16. september 2022 kl. 17:00,49.20
16. juli 2022 kl. 18:00,66.60,16. august 2022 kl. 18:00,39.20,16. september 2022 kl. 18:00,43.40
16. juli 2022 kl. 19:00,53.80,16. august 2022 kl. 19:00,32.20,16. september 2022 kl. 19:00,49.60
16. juli 2022 kl. 20:00,60.40,16. august 2022 kl. 20:00,29.60,16. september 2022 kl. 20:00,49.20
16. juli 2022 kl. 21:00,77.80,16. august 2022 kl. 21:00,24.60,16. september 2022 kl. 21:00,49.60
16. juli 2022 kl. 22:00,72.60,16. august 2022 kl. 22:00,20.40,16. september 2022 kl. 22:00,41.20
16. juli 2022 kl. 23:00,60.60,16. august 2022 kl. 23:00,18.20,16. september 2022 kl. 23:00,34.00
17. juli 2022 kl. 00:00,61.80,17. august 2022 kl. 00:00,17.80,17. september 2022 kl. 00:00,29.40
17. juli 2022 kl. 01:00,51.80,17. august 2022 kl. 01:00,16.80,17. september 2022 kl. 01:00,32.00
17. juli 2022 kl. 02:00,47.80,17. august 2022 kl. 02:00,17.60,17. september 2022 kl. 02:00,29.00
17. juli 2022 kl. 03:00,48.60,17. august 2022 kl. 03:00,17.20,17. september 2022 kl. 03:00,27.40
17. juli 2022 kl. 04:00,46.40,17. august 2022 kl. 04:00,16.80,17. september 2022 kl. 04:00,28.00
17. juli 2022 kl. 05:00,46.80,17. august 2022 kl. 05:00,17.20,17. september 2022 kl. 05:00,27.80
17. juli 2022 kl. 06:00,45.00,17. august 2022 kl. 06:00,18.40,17. september 2022 kl. 06:00,28.60
17. juli 2022 kl. 07:00,53.20,17. august 2022 kl. 07:00,18.40,17. september 2022 kl. 07:00,30.60
17. juli 2022 kl. 08:00,43.20,17. august 2022 kl. 08:00,19.60,17. september 2022 kl. 08:00,33.20
17. juli 2022 kl. 09:00,46.60,17. august 2022 kl. 09:00,22.40,17. september 2022 kl. 09:00,30.00
17. juli 2022 kl. 10:00,50.00,17. august 2022 kl. 10:00,21.00,17. september 2022 kl. 10:00,34.60
17. juli 2022 kl. 11:00,47.60,17. august 2022 kl. 11:00,29.20,17. september 2022 kl. 11:00,37.20
17. juli 2022 kl. 12:00,38.40,17. august 2022 kl. 12:00,39.20,17. september 2022 kl. 12:00,34.20
17. juli 2022 kl. 13:00,32.20,17. august 2022 kl. 13:00,40.20,17. september 2022 kl. 13:00,39.20
17. juli 2022 kl. 14:00,36.40,17. august 2022 kl. 14:00,37.20,17. september 2022 kl. 14:00,33.80
17. juli 2022 kl. 15:00,33.40,17. august 2022 kl. 15:00,41.80,17. september 2022 kl. 15:00,34.20
17. juli 2022 kl. 16:00,36.60,17. august 2022 kl. 16:00,39.40,17. september 2022 kl. 16:00,36.60
17. juli 2022 kl. 17:00,38.60,17. august 2022 kl. 17:00,37.80,17. september 2022 kl. 17:00,40.00
17. juli 2022 kl. 18:00,39.00,17. august 2022 kl. 18:00,47.80,17. september 2022 kl. 18:00,39.60
17. juli 2022 kl. 19:00,36.20,17. august 2022 kl. 19:00,41.40,17. september 2022 kl. 19:00,44.20
17. juli 2022 kl. 20:00,36.40,17. august 2022 kl. 20:00,36.60,17. september 2022 kl. 20:00,43.40
17. juli 2022 kl. 21:00,40.00,17. august 2022 kl. 21:00,27.20,17. september 2022 kl. 21:00,41.80
17. juli 2022 kl. 22:00,36.80,17. august 2022 kl. 22:00,28.20,17. september 2022 kl. 22:00,33.80
17. juli 2022 kl. 23:00,39.20,17. august 2022 kl. 23:00,21.00,17. september 2022 kl. 23:00,29.40
18. juli 2022 kl. 00:00,38.20,18. august 2022 kl. 00:00,20.80,18. september 2022 kl. 00:00,27.20
18. juli 2022 kl. 01:00,33.40,18. august 2022 kl. 01:00,20.80,18. september 2022 kl. 01:00,24.80
18. juli 2022 kl. 02:00,37.60,18. august 2022 kl. 02:00,20.00,18. september 2022 kl. 02:00,24.00
18. juli 2022 kl. 03:00,38.00,18. august 2022 kl. 03:00,20.00,18. september 2022 kl. 03:00,25.20
18. juli 2022 kl. 04:00,35.00,18. august 2022 kl. 04:00,21.00,18. september 2022 kl. 04:00,24.80
18. juli 2022 kl. 05:00,33.40,18. august 2022 kl. 05:00,20.80,18. september 2022 kl. 05:00,25.40
18. juli 2022 kl. 06:00,34.40,18. august 2022 kl. 06:00,25.00,18. september 2022 kl. 06:00,26.00
18. juli 2022 kl. 07:00,35.60,18. august 2022 kl. 07:00,25.20,18. september 2022 kl. 07:00,25.00
18. juli 2022 kl. 08:00,65.20,18. august 2022 kl. 08:00,26.40,18. september 2022 kl. 08:00,27.20
18. juli 2022 kl. 09:00,63.80,18. august 2022 kl. 09:00,25.00,18. september 2022 kl. 09:00,29.20
18. juli 2022 kl. 10:00,57.80,18. august 2022 kl. 10:00,30.80,18. september 2022 kl. 10:00,24.80
18. juli 2022 kl. 11:00,51.20,18. august 2022 kl. 11:00,37.80,18. september 2022 kl. 11:00,21.80
18. juli 2022 kl. 12:00,46.20,18. august 2022 kl. 12:00,32.20,18. september 2022 kl. 12:00,30.80
18. juli 2022 kl. 13:00,43.80,18. august 2022 kl. 13:00,32.40,18. september 2022 kl. 13:00,33.80
18. juli 2022 kl. 14:00,43.60,18. august 2022 kl. 14:00,28.60,18. september 2022 kl. 14:00,35.00
18. juli 2022 kl. 15:00,50.40,18. august 2022 kl. 15:00,26.60,18. september 2022 kl. 15:00,31.40
18. juli 2022 kl. 16:00,49.20,18. august 2022 kl. 16:00,32.60,18. september 2022 kl. 16:00,28.40
18. juli 2022 kl. 17:00,51.40,18. august 2022 kl. 17:00,40.20,18. september 2022 kl. 17:00,31.80
18. juli 2022 kl. 18:00,56.20,18. august 2022 kl. 18:00,42.00,18. september 2022 kl. 18:00,31.80
18. juli 2022 kl. 19:00,50.00,18. august 2022 kl. 19:00,34.40,18. september 2022 kl. 19:00,32.40
18. juli 2022 kl. 20:00,48.20,18. august 2022 kl. 20:00,34.00,18. september 2022 kl. 20:00,30.40
18. juli 2022 kl. 21:00,51.80,18. august 2022 kl. 21:00,27.40,18. september 2022 kl. 21:00,24.00
18. juli 2022 kl. 22:00,56.40,18. august 2022 kl. 22:00,25.00,18. september 2022 kl. 22:00,19.60
18. juli 2022 kl. 23:00,56.40,18. august 2022 kl. 23:00,24.80,18. september 2022 kl. 23:00,19.00
19. juli 2022 kl. 00:00,55.00,19. august 2022 kl. 00:00,22.60,19. september 2022 kl. 00:00,19.40
19. juli 2022 kl. 01:00,48.60,19. august 2022 kl. 01:00,19.40,19. september 2022 kl. 01:00,17.60
19. juli 2022 kl. 02:00,46.80,19. august 2022 kl. 02:00,19.00,19. september 2022 kl. 02:00,18.40
19. juli 2022 kl. 03:00,47.00,19. august 2022 kl. 03:00,17.00,19. september 2022 kl. 03:00,19.00
19. juli 2022 kl. 04:00,48.40,19. august 2022 kl. 04:00,17.60,19. september 2022 kl. 04:00,20.20
19. juli 2022 kl. 05:00,43.80,19. august 2022 kl. 05:00,18.80,19. september 2022 kl. 05:00,18.60
19. juli 2022 kl. 06:00,38.00,19. august 2022 kl. 06:00,17.00,19. september 2022 kl. 06:00,18.80
19. juli 2022 kl. 07:00,41.20,19. august 2022 kl. 07:00,22.00,19. september 2022 kl. 07:00,19.40
19. juli 2022 kl. 08:00,46.60,19. august 2022 kl. 08:00,22.80,19. september 2022 kl. 08:00,18.40
19. juli 2022 kl. 09:00,59.80,19. august 2022 kl. 09:00,23.80,19. september 2022 kl. 09:00,16.80
19. juli 2022 kl. 10:00,53.40,19. august 2022 kl. 10:00,22.60,19. september 2022 kl. 10:00,16.20
19. juli 2022 kl. 11:00,50.00,19. august 2022 kl. 11:00,22.00,19. september 2022 kl. 11:00,16.20
19. juli 2022 kl. 12:00,51.00,19. august 2022 kl. 12:00,43.00,19. september 2022 kl. 12:00,16.80
19. juli 2022 kl. 13:00,56.40,19. august 2022 kl. 13:00,36.20,19. september 2022 kl. 13:00,16.80
19. juli 2022 kl. 14:00,58.20,19. august 2022 kl. 14:00,45.40,19. september 2022 kl. 14:00,12.60
19. juli 2022 kl. 15:00,59.40,19. august 2022 kl. 15:00,40.40,19. september 2022 kl. 15:00,16.20
19. juli 2022 kl. 16:00,69.20,19. august 2022 kl. 16:00,37.40,19. september 2022 kl. 16:00,16.00
19. juli 2022 kl. 17:00,80.60,19. august 2022 kl. 17:00,42.60,19. september 2022 kl. 17:00,17.20
19. juli 2022 kl. 18:00,87.80,19. august 2022 kl. 18:00,42.60,19. september 2022 kl. 18:00,16.40
19. juli 2022 kl. 19:00,80.80,19. august 2022 kl. 19:00,45.20,19. september 2022 kl. 19:00,21.00
19. juli 2022 kl. 20:00,76.40,19. august 2022 kl. 20:00,44.80,19. september 2022 kl. 20:00,22.20
19. juli 2022 kl. 21:00,75.20,19. august 2022 kl. 21:00,38.60,19. september 2022 kl. 21:00,24.20
19. juli 2022 kl. 22:00,67.20,19. august 2022 kl. 22:00,36.60,19. september 2022 kl. 22:00,24.60
19. juli 2022 kl. 23:00,58.80,19. august 2022 kl. 23:00,35.00,19. september 2022 kl. 23:00,22.80
20. juli 2022 kl. 00:00,49.00,20. august 2022 kl. 00:00,27.80,20. september 2022 kl. 00:00,18.60
20. juli 2022 kl. 01:00,48.20,20. august 2022 kl. 01:00,24.40,20. september 2022 kl. 01:00,18.60
20. juli 2022 kl. 02:00,43.00,20. august 2022 kl. 02:00,21.60,20. september 2022 kl. 02:00,21.60
20. juli 2022 kl. 03:00,44.00,20. august 2022 kl. 03:00,23.40,20. september 2022 kl. 03:00,20.00
20. juli 2022 kl. 04:00,42.60,20. august 2022 kl. 04:00,22.40,20. september 2022 kl. 04:00,20.80
20. juli 2022 kl. 05:00,41.80,20. august 2022 kl. 05:00,23.00,20. september 2022 kl. 05:00,23.40
20. juli 2022 kl. 06:00,42.40,20. august 2022 kl. 06:00,25.20,20. september 2022 kl. 06:00,23.00
20. juli 2022 kl. 07:00,43.00,20. august 2022 kl. 07:00,27.20,20. september 2022 kl. 07:00,21.80
20. juli 2022 kl. 08:00,47.80,20. august 2022 kl. 08:00,27.00,20. september 2022 kl. 08:00,21.20
20. juli 2022 kl. 09:00,59.00,20. august 2022 kl. 09:00,31.80,20. september 2022 kl. 09:00,19.80
20. juli 2022 kl. 10:00,71.20,20. august 2022 kl. 10:00,34.80,20. september 2022 kl. 10:00,18.20
20. juli 2022 kl. 11:00,67.80,20. august 2022 kl. 11:00,35.00,20. september 2022 kl. 11:00,21.20
20. juli 2022 kl. 12:00,70.00,20. august 2022 kl. 12:00,36.60,20. september 2022 kl. 12:00,32.00
20. juli 2022 kl. 13:00,72.20,20. august 2022 kl. 13:00,41.00,20. september 2022 kl. 13:00,39.00
20. juli 2022 kl. 14:00,68.00,20. august 2022 kl. 14:00,39.40,20. september 2022 kl. 14:00,34.20
20. juli 2022 kl. 15:00,71.00,20. august 2022 kl. 15:00,41.00,20. september 2022 kl. 15:00,31.20
20. juli 2022 kl. 16:00,84.40,20. august 2022 kl. 16:00,45.00,20. september 2022 kl. 16:00,31.60
20. juli 2022 kl. 17:00,93.20,20. august 2022 kl. 17:00,43.20,20. september 2022 kl. 17:00,30.80
20. juli 2022 kl. 18:00,98.40,20. august 2022 kl. 18:00,43.80,20. september 2022 kl. 18:00,27.00
20. juli 2022 kl. 19:00,98.00,20. august 2022 kl. 19:00,45.60,20. september 2022 kl. 19:00,38.80
20. juli 2022 kl. 20:00,98.60,20. august 2022 kl. 20:00,49.60,20. september 2022 kl. 20:00,31.60
20. juli 2022 kl. 21:00,90.40,20. august 2022 kl. 21:00,42.80,20. september 2022 kl. 21:00,36.00
20. juli 2022 kl. 22:00,82.80,20. august 2022 kl. 22:00,35.60,20. september 2022 kl. 22:00,26.80
20. juli 2022 kl. 23:00,70.40,20. august 2022 kl. 23:00,35.20,20. september 2022 kl. 23:00,27.60
21. juli 2022 kl. 00:00,56.80,21. august 2022 kl. 00:00,30.80,21. september 2022 kl. 00:00,25.40
21. juli 2022 kl. 01:00,43.60,21. august 2022 kl. 01:00,28.80,21. september 2022 kl. 01:00,24.20
21. juli 2022 kl. 02:00,43.60,21. august 2022 kl. 02:00,25.40,21. september 2022 kl. 02:00,26.40
21. juli 2022 kl. 03:00,41.20,21. august 2022 kl. 03:00,25.40,21. september 2022 kl. 03:00,29.60
21. juli 2022 kl. 04:00,37.80,21. august 2022 kl. 04:00,25.00,21. september 2022 kl. 04:00,26.60
21. juli 2022 kl. 05:00,36.60,21. august 2022 kl. 05:00,24.80,21. september 2022 kl. 05:00,27.60
21. juli 2022 kl. 06:00,36.60,21. august 2022 kl. 06:00,25.20,21. september 2022 kl. 06:00,31.40
21. juli 2022 kl. 07:00,48.80,21. august 2022 kl. 07:00,26.40,21. september 2022 kl. 07:00,28.80
21. juli 2022 kl. 08:00,51.00,21. august 2022 kl. 08:00,29.40,21. september 2022 kl. 08:00,30.80
21. juli 2022 kl. 09:00,61.00,21. august 2022 kl. 09:00,36.60,21. september 2022 kl. 09:00,28.80
21. juli 2022 kl. 10:00,59.40,21. august 2022 kl. 10:00,33.00,21. september 2022 kl. 10:00,28.00
21. juli 2022 kl. 11:00,61.40,21. august 2022 kl. 11:00,32.00,21. september 2022 kl. 11:00,35.80
21. juli 2022 kl. 12:00,62.20,21. august 2022 kl. 12:00,45.80,21. september 2022 kl. 12:00,32.60
21. juli 2022 kl. 13:00,55.40,21. august 2022 kl. 13:00,41.20,21. september 2022 kl. 13:00,39.60
21. juli 2022 kl. 14:00,62.20,21. august 2022 kl. 14:00,42.60,21. september 2022 kl. 14:00,39.20
21. juli 2022 kl. 15:00,59.20,21. august 2022 kl. 15:00,43.80,21. september 2022 kl. 15:00,31.60
21. juli 2022 kl. 16:00,59.00,21. august 2022 kl. 16:00,47.80,21. september 2022 kl. 16:00,32.20
21. juli 2022 kl. 17:00,70.40,21. august 2022 kl. 17:00,42.00,21. september 2022 kl. 17:00,33.60
21. juli 2022 kl. 18:00,67.40,21. august 2022 kl. 18:00,43.40,21. september 2022 kl. 18:00,32.80
21. juli 2022 kl. 19:00,74.80,21. august 2022 kl. 19:00,36.60,21. september 2022 kl. 19:00,34.40
21. juli 2022 kl. 20:00,73.40,21. august 2022 kl. 20:00,26.00,21. september 2022 kl. 20:00,36.00
21. juli 2022 kl. 21:00,62.40,21. august 2022 kl. 21:00,25.80,21. september 2022 kl. 21:00,31.80
21. juli 2022 kl. 22:00,51.20,21. august 2022 kl. 22:00,23.80,21. september 2022 kl. 22:00,27.80
21. juli 2022 kl. 23:00,49.00,21. august 2022 kl. 23:00,29.60,21. september 2022 kl. 23:00,31.40
22. juli 2022 kl. 00:00,46.80,22. august 2022 kl. 00:00,23.20,22. september 2022 kl. 00:00,27.20
22. juli 2022 kl. 01:00,40.60,22. august 2022 kl. 01:00,22.20,22. september 2022 kl. 01:00,24.60
22. juli 2022 kl. 02:00,37.80,22. august 2022 kl. 02:00,22.00,22. september 2022 kl. 02:00,25.40
22. juli 2022 kl. 03:00,34.20,22. august 2022 kl. 03:00,24.00,22. september 2022 kl. 03:00,26.20
22. juli 2022 kl. 04:00,33.20,22. august 2022 kl. 04:00,23.20,22. september 2022 kl. 04:00,27.60
22. juli 2022 kl. 05:00,33.40,22. august 2022 kl. 05:00,22.60,22. september 2022 kl. 05:00,27.20
22. juli 2022 kl. 06:00,33.40,22. august 2022 kl. 06:00,26.80,22. september 2022 kl. 06:00,30.60
22. juli 2022 kl. 07:00,36.00,22. august 2022 kl. 07:00,29.60,22. september 2022 kl. 07:00,27.40
22. juli 2022 kl. 08:00,46.20,22. august 2022 kl. 08:00,20.80,22. september 2022 kl. 08:00,26.40
22. juli 2022 kl. 09:00,47.20,22. august 2022 kl. 09:00,21.00,22. september 2022 kl. 09:00,24.40
22. juli 2022 kl. 10:00,51.80,22. august 2022 kl. 10:00,22.40,22. september 2022 kl. 10:00,35.40
22. juli 2022 kl. 11:00,66.00,22. august 2022 kl. 11:00,22.80,22. september 2022 kl. 11:00,39.00
22. juli 2022 kl. 12:00,59.40,22. august 2022 kl. 12:00,20.40,22. september 2022 kl. 12:00,35.60
22. juli 2022 kl. 13:00,65.40,22. august 2022 kl. 13:00,22.00,22. september 2022 kl. 13:00,33.80
22. juli 2022 kl. 14:00,61.00,22. august 2022 kl. 14:00,19.20,22. september 2022 kl. 14:00,38.20
22. juli 2022 kl. 15:00,62.60,22. august 2022 kl. 15:00,17.80,22. september 2022 kl. 15:00,39.00
22. juli 2022 kl. 16:00,63.80,22. august 2022 kl. 16:00,16.00,22. september 2022 kl. 16:00,38.00
22. juli 2022 kl. 17:00,73.00,22. august 2022 kl. 17:00,18.40,22. september 2022 kl. 17:00,45.60
22. juli 2022 kl. 18:00,74.40,22. august 2022 kl. 18:00,24.00,22. september 2022 kl. 18:00,43.40
22. juli 2022 kl. 19:00,82.20,22. august 2022 kl. 19:00,26.00,22. september 2022 kl. 19:00,40.80
22. juli 2022 kl. 20:00,78.80,22. august 2022 kl. 20:00,23.80,22. september 2022 kl. 20:00,41.40
22. juli 2022 kl. 21:00,75.80,22. august 2022 kl. 21:00,25.00,22. september 2022 kl. 21:00,37.80
22. juli 2022 kl. 22:00,78.60,22. august 2022 kl. 22:00,22.60,22. september 2022 kl. 22:00,30.60
22. juli 2022 kl. 23:00,66.40,22. august 2022 kl. 23:00,18.80,22. september 2022 kl. 23:00,26.00
23. juli 2022 kl. 00:00,53.60,23. august 2022 kl. 00:00,20.80,23. september 2022 kl. 00:00,23.80
23. juli 2022 kl. 01:00,48.00,23. august 2022 kl. 01:00,19.60,23. september 2022 kl. 01:00,22.60
23. juli 2022 kl. 02:00,45.80,23. august 2022 kl. 02:00,21.60,23. september 2022 kl. 02:00,21.40
23. juli 2022 kl. 03:00,45.40,23. august 2022 kl. 03:00,22.40,23. september 2022 kl. 03:00,23.40
23. juli 2022 kl. 04:00,43.80,23. august 2022 kl. 04:00,24.00,23. september 2022 kl. 04:00,21.40
23. juli 2022 kl. 05:00,44.80,23. august 2022 kl. 05:00,24.80,23. september 2022 kl. 05:00,23.20
23. juli 2022 kl. 06:00,40.00,23. august 2022 kl. 06:00,25.40,23. september 2022 kl. 06:00,26.20
23. juli 2022 kl. 07:00,40.80,23. august 2022 kl. 07:00,21.80,23. september 2022 kl. 07:00,26.80
23. juli 2022 kl. 08:00,50.80,23. august 2022 kl. 08:00,23.80,23. september 2022 kl. 08:00,32.60
23. juli 2022 kl. 09:00,66.80,23. august 2022 kl. 09:00,22.80,23. september 2022 kl. 09:00,33.00
23. juli 2022 kl. 10:00,62.20,23. august 2022 kl. 10:00,24.60,23. september 2022 kl. 10:00,32.00
23. juli 2022 kl. 11:00,60.40,23. august 2022 kl. 11:00,25.40,23. september 2022 kl. 11:00,37.60
23. juli 2022 kl. 12:00,58.40,23. august 2022 kl. 12:00,28.20,23. september 2022 kl. 12:00,41.20
23. juli 2022 kl. 13:00,61.20,23. august 2022 kl. 13:00,29.40,23. september 2022 kl. 13:00,38.40
23. juli 2022 kl. 14:00,54.20,23. august 2022 kl. 14:00,28.20,23. september 2022 kl. 14:00,48.00
23. juli 2022 kl. 15:00,56.80,23. august 2022 kl. 15:00,28.60,23. september 2022 kl. 15:00,63.20
23. juli 2022 kl. 16:00,65.40,23. august 2022 kl. 16:00,28.60,23. september 2022 kl. 16:00,58.40
23. juli 2022 kl. 17:00,71.40,23. august 2022 kl. 17:00,34.20,23. september 2022 kl. 17:00,63.40
23. juli 2022 kl. 18:00,88.40,23. august 2022 kl. 18:00,36.60,23. september 2022 kl. 18:00,69.00
23. juli 2022 kl. 19:00,81.20,23. august 2022 kl. 19:00,32.80,23. september 2022 kl. 19:00,68.20
23. juli 2022 kl. 20:00,80.40,23. august 2022 kl. 20:00,27.40,23. september 2022 kl. 20:00,69.60
23. juli 2022 kl. 21:00,67.80,23. august 2022 kl. 21:00,28.60,23. september 2022 kl. 21:00,57.20
23. juli 2022 kl. 22:00,58.60,23. august 2022 kl. 22:00,24.00,23. september 2022 kl. 22:00,51.40
23. juli 2022 kl. 23:00,58.60,23. august 2022 kl. 23:00,22.80,23. september 2022 kl. 23:00,51.00
24. juli 2022 kl. 00:00,54.80,24. august 2022 kl. 00:00,24.40,24. september 2022 kl. 00:00,44.60
24. juli 2022 kl. 01:00,41.80,24. august 2022 kl. 01:00,27.60,24. september 2022 kl. 01:00,42.00
24. juli 2022 kl. 02:00,36.40,24. august 2022 kl. 02:00,30.00,24. september 2022 kl. 02:00,36.40
24. juli 2022 kl. 03:00,36.00,24. august 2022 kl. 03:00,27.80,24. september 2022 kl. 03:00,34.40
24. juli 2022 kl. 04:00,29.40,24. august 2022 kl. 04:00,28.80,24. september 2022 kl. 04:00,31.60
24. juli 2022 kl. 05:00,28.80,24. august 2022 kl. 05:00,31.20,24. september 2022 kl. 05:00,32.80
24. juli 2022 kl. 06:00,31.00,24. august 2022 kl. 06:00,28.40,24. september 2022 kl. 06:00,36.80
24. juli 2022 kl. 07:00,38.60,24. august 2022 kl. 07:00,25.60,24. september 2022 kl. 07:00,37.80
24. juli 2022 kl. 08:00,49.20,24. august 2022 kl. 08:00,22.40,24. september 2022 kl. 08:00,49.00
24. juli 2022 kl. 09:00,52.60,24. august 2022 kl. 09:00,23.80,24. september 2022 kl. 09:00,54.00
24. juli 2022 kl. 10:00,53.20,24. august 2022 kl. 10:00,19.80,24. september 2022 kl. 10:00,54.40
24. juli 2022 kl. 11:00,51.80,24. august 2022 kl. 11:00,25.40,24. september 2022 kl. 11:00,49.80
24. juli 2022 kl. 12:00,59.40,24. august 2022 kl. 12:00,31.00,24. september 2022 kl. 12:00,55.20
24. juli 2022 kl. 13:00,64.00,24. august 2022 kl. 13:00,31.40,24. september 2022 kl. 13:00,61.80
24. juli 2022 kl. 14:00,64.20,24. august 2022 kl. 14:00,30.20,24. september 2022 kl. 14:00,63.00
24. juli 2022 kl. 15:00,59.80,24. august 2022 kl. 15:00,30.20,24. september 2022 kl. 15:00,65.80
24. juli 2022 kl. 16:00,77.80,24. august 2022 kl. 16:00,34.20,24. september 2022 kl. 16:00,57.40
24. juli 2022 kl. 17:00,80.60,24. august 2022 kl. 17:00,36.40,24. september 2022 kl. 17:00,60.40
24. juli 2022 kl. 18:00,75.60,24. august 2022 kl. 18:00,34.80,24. september 2022 kl. 18:00,69.80
24. juli 2022 kl. 19:00,80.00,24. august 2022 kl. 19:00,30.20,24. september 2022 kl. 19:00,65.00
24. juli 2022 kl. 20:00,66.40,24. august 2022 kl. 20:00,29.20,24. september 2022 kl. 20:00,65.80
24. juli 2022 kl. 21:00,55.80,24. august 2022 kl. 21:00,28.60,24. september 2022 kl. 21:00,59.80
24. juli 2022 kl. 22:00,53.00,24. august 2022 kl. 22:00,34.40,24. september 2022 kl. 22:00,58.40
24. juli 2022 kl. 23:00,42.00,24. august 2022 kl. 23:00,18.80,24. september 2022 kl. 23:00,54.60
25. juli 2022 kl. 00:00,34.40,25. august 2022 kl. 00:00,21.60,25. september 2022 kl. 00:00,48.00
25. juli 2022 kl. 01:00,34.80,25. august 2022 kl. 01:00,19.40,25. september 2022 kl. 01:00,42.80
25. juli 2022 kl. 02:00,35.80,25. august 2022 kl. 02:00,20.80,25. september 2022 kl. 02:00,40.20
25. juli 2022 kl. 03:00,30.60,25. august 2022 kl. 03:00,20.20,25. september 2022 kl. 03:00,38.20
25. juli 2022 kl. 04:00,29.60,25. august 2022 kl. 04:00,23.40,25. september 2022 kl. 04:00,40.40
25. juli 2022 kl. 05:00,30.40,25. august 2022 kl. 05:00,24.20,25. september 2022 kl. 05:00,40.40
25. juli 2022 kl. 06:00,29.40,25. august 2022 kl. 06:00,21.60,25. september 2022 kl. 06:00,39.60
25. juli 2022 kl. 07:00,38.00,25. august 2022 kl. 07:00,24.20,25. september 2022 kl. 07:00,42.80
25. juli 2022 kl. 08:00,50.20,25. august 2022 kl. 08:00,22.20,25. september 2022 kl. 08:00,47.60
25. juli 2022 kl. 09:00,53.20,25. august 2022 kl. 09:00,20.80,25. september 2022 kl. 09:00,46.40
25. juli 2022 kl. 10:00,46.40,25. august 2022 kl. 10:00,18.00,25. september 2022 kl. 10:00,48.80
25. juli 2022 kl. 11:00,36.80,25. august 2022 kl. 11:00,24.40,25. september 2022 kl. 11:00,41.80
25. juli 2022 kl. 12:00,35.40,25. august 2022 kl. 12:00,29.00,25. september 2022 kl. 12:00,39.80
25. juli 2022 kl. 13:00,28.60,25. august 2022 kl. 13:00,30.00,25. september 2022 kl. 13:00,40.60
25. juli 2022 kl. 14:00,28.20,25. august 2022 kl. 14:00,29.20,25. september 2022 kl. 14:00,41.20
25. juli 2022 kl. 15:00,36.00,25. august 2022 kl. 15:00,40.40,25. september 2022 kl. 15:00,46.80
25. juli 2022 kl. 16:00,34.80,25. august 2022 kl. 16:00,35.40,25. september 2022 kl. 16:00,45.40
25. juli 2022 kl. 17:00,36.40,25. august 2022 kl. 17:00,34.40,25. september 2022 kl. 17:00,43.20
25. juli 2022 kl. 18:00,39.80,25. august 2022 kl. 18:00,39.80,25. september 2022 kl. 18:00,41.20
25. juli 2022 kl. 19:00,36.80,25. august 2022 kl. 19:00,34.40,25. september 2022 kl. 19:00,33.00
25. juli 2022 kl. 20:00,40.80,25. august 2022 kl. 20:00,25.60,25. september 2022 kl. 20:00,28.20
25. juli 2022 kl. 21:00,34.40,25. august 2022 kl. 21:00,25.60,25. september 2022 kl. 21:00,27.40
25. juli 2022 kl. 22:00,32.20,25. august 2022 kl. 22:00,24.60,25. september 2022 kl. 22:00,23.60
25. juli 2022 kl. 23:00,32.60,25. august 2022 kl. 23:00,20.60,25. september 2022 kl. 23:00,21.80
26. juli 2022 kl. 00:00,24.80,26. august 2022 kl. 00:00,17.00,26. september 2022 kl. 00:00,20.80
26. juli 2022 kl. 01:00,25.20,26. august 2022 kl. 01:00,17.20,26. september 2022 kl. 01:00,20.80
26. juli 2022 kl. 02:00,22.40,26. august 2022 kl. 02:00,16.80,26. september 2022 kl. 02:00,21.00
26. juli 2022 kl. 03:00,21.20,26. august 2022 kl. 03:00,19.40,26. september 2022 kl. 03:00,19.00
26. juli 2022 kl. 04:00,23.00,26. august 2022 kl. 04:00,20.80,26. september 2022 kl. 04:00,21.20
26. juli 2022 kl. 05:00,22.40,26. august 2022 kl. 05:00,22.00,26. september 2022 kl. 05:00,22.20
26. juli 2022 kl. 06:00,22.20,26. august 2022 kl. 06:00,20.60,26. september 2022 kl. 06:00,20.40
26. juli 2022 kl. 07:00,21.80,26. august 2022 kl. 07:00,22.60,26. september 2022 kl. 07:00,20.60
26. juli 2022 kl. 08:00,33.80,26. august 2022 kl. 08:00,27.80,26. september 2022 kl. 08:00,24.00
26. juli 2022 kl. 09:00,43.60,26. august 2022 kl. 09:00,23.60,26. september 2022 kl. 09:00,24.00
26. juli 2022 kl. 10:00,59.00,26. august 2022 kl. 10:00,28.20,26. september 2022 kl. 10:00,21.40
26. juli 2022 kl. 11:00,48.60,26. august 2022 kl. 11:00,32.20,26. september 2022 kl. 11:00,17.00
26. juli 2022 kl. 12:00,44.40,26. august 2022 kl. 12:00,34.20,26. september 2022 kl. 12:00,17.80
26. juli 2022 kl. 13:00,44.40,26. august 2022 kl. 13:00,35.80,26. september 2022 kl. 13:00,18.60
26. juli 2022 kl. 14:00,52.80,26. august 2022 kl. 14:00,33.20,26. september 2022 kl. 14:00,16.40
26. juli 2022 kl. 15:00,46.00,26. august 2022 kl. 15:00,35.60,26. september 2022 kl. 15:00,15.80
26. juli 2022 kl. 16:00,52.00,26. august 2022 kl. 16:00,41.60,26. september 2022 kl. 16:00,22.40
26. juli 2022 kl. 17:00,67.20,26. august 2022 kl. 17:00,46.00,26. september 2022 kl. 17:00,18.80
26. juli 2022 kl. 18:00,73.60,26. august 2022 kl. 18:00,46.80,26. september 2022 kl. 18:00,19.80
26. juli 2022 kl. 19:00,66.20,26. august 2022 kl. 19:00,49.00,26. september 2022 kl. 19:00,23.20
26. juli 2022 kl. 20:00,58.20,26. august 2022 kl. 20:00,49.00,26. september 2022 kl. 20:00,23.80
26. juli 2022 kl. 21:00,56.20,26. august 2022 kl. 21:00,45.60,26. september 2022 kl. 21:00,20.00
26. juli 2022 kl. 22:00,53.20,26. august 2022 kl. 22:00,40.40,26. september 2022 kl. 22:00,17.20
26. juli 2022 kl. 23:00,44.60,26. august 2022 kl. 23:00,39.20,26. september 2022 kl. 23:00,20.40
27. juli 2022 kl. 00:00,30.60,27. august 2022 kl. 00:00,30.00,27. september 2022 kl. 00:00,18.20
27. juli 2022 kl. 01:00,31.00,27. august 2022 kl. 01:00,29.00,27. september 2022 kl. 01:00,16.80
27. juli 2022 kl. 02:00,27.60,27. august 2022 kl. 02:00,26.60,27. september 2022 kl. 02:00,15.60
27. juli 2022 kl. 03:00,25.40,27. august 2022 kl. 03:00,27.20,27. september 2022 kl. 03:00,17.20
27. juli 2022 kl. 04:00,23.00,27. august 2022 kl. 04:00,28.20,27. september 2022 kl. 04:00,16.00
27. juli 2022 kl. 05:00,24.20,27. august 2022 kl. 05:00,26.80,27. september 2022 kl. 05:00,16.20
27. juli 2022 kl. 06:00,24.80,27. august 2022 kl. 06:00,30.60,27. september 2022 kl. 06:00,20.40
27. juli 2022 kl. 07:00,32.80,27. august 2022 kl. 07:00,34.00,27. september 2022 kl. 07:00,18.80
27. juli 2022 kl. 08:00,42.00,27. august 2022 kl. 08:00,42.40,27. september 2022 kl. 08:00,16.40
27. juli 2022 kl. 09:00,45.40,27. august 2022 kl. 09:00,40.20,27. september 2022 kl. 09:00,16.00
27. juli 2022 kl. 10:00,43.80,27. august 2022 kl. 10:00,39.20,27. september 2022 kl. 10:00,17.80
27. juli 2022 kl. 11:00,43.40,27. august 2022 kl. 11:00,43.00,27. september 2022 kl. 11:00,20.00
27. juli 2022 kl. 12:00,42.00,27. august 2022 kl. 12:00,44.40,27. september 2022 kl. 12:00,26.80
27. juli 2022 kl. 13:00,45.20,27. august 2022 kl. 13:00,48.60,27. september 2022 kl. 13:00,29.60
27. juli 2022 kl. 14:00,46.00,27. august 2022 kl. 14:00,51.00,27. september 2022 kl. 14:00,30.60
27. juli 2022 kl. 15:00,50.20,27. august 2022 kl. 15:00,54.00,27. september 2022 kl. 15:00,25.60
27. juli 2022 kl. 16:00,53.60,27. august 2022 kl. 16:00,53.20,27. september 2022 kl. 16:00,28.00
27. juli 2022 kl. 17:00,57.80,27. august 2022 kl. 17:00,58.20,27. september 2022 kl. 17:00,30.80
27. juli 2022 kl. 18:00,62.20,27. august 2022 kl. 18:00,62.80,27. september 2022 kl. 18:00,35.80
27. juli 2022 kl. 19:00,80.20,27. august 2022 kl. 19:00,51.60,27. september 2022 kl. 19:00,33.80
27. juli 2022 kl. 20:00,76.40,27. august 2022 kl. 20:00,57.60,27. september 2022 kl. 20:00,29.40
27. juli 2022 kl. 21:00,76.00,27. august 2022 kl. 21:00,53.20,27. september 2022 kl. 21:00,25.20
27. juli 2022 kl. 22:00,67.80,27. august 2022 kl. 22:00,40.60,27. september 2022 kl. 22:00,22.60
27. juli 2022 kl. 23:00,58.80,27. august 2022 kl. 23:00,39.00,27. september 2022 kl. 23:00,18.00
28. juli 2022 kl. 00:00,46.00,28. august 2022 kl. 00:00,29.80,28. september 2022 kl. 00:00,17.60
28. juli 2022 kl. 01:00,44.60,28. august 2022 kl. 01:00,28.20,28. september 2022 kl. 01:00,17.00
28. juli 2022 kl. 02:00,41.80,28. august 2022 kl. 02:00,28.60,28. september 2022 kl. 02:00,16.60
28. juli 2022 kl. 03:00,43.60,28. august 2022 kl. 03:00,25.00,28. september 2022 kl. 03:00,16.40
28. juli 2022 kl. 04:00,42.80,28. august 2022 kl. 04:00,26.20,28. september 2022 kl. 04:00,18.00
28. juli 2022 kl. 05:00,43.60,28. august 2022 kl. 05:00,25.60,28. september 2022 kl. 05:00,18.20
28. juli 2022 kl. 06:00,35.40,28. august 2022 kl. 06:00,28.20,28. september 2022 kl. 06:00,18.40
28. juli 2022 kl. 07:00,37.40,28. august 2022 kl. 07:00,34.20,28. september 2022 kl. 07:00,15.20
28. juli 2022 kl. 08:00,52.20,28. august 2022 kl. 08:00,43.60,28. september 2022 kl. 08:00,16.80
28. juli 2022 kl. 09:00,70.80,28. august 2022 kl. 09:00,38.40,28. september 2022 kl. 09:00,15.60
28. juli 2022 kl. 10:00,63.00,28. august 2022 kl. 10:00,33.60,28. september 2022 kl. 10:00,15.20
28. juli 2022 kl. 11:00,62.00,28. august 2022 kl. 11:00,28.40,28. september 2022 kl. 11:00,16.60
28. juli 2022 kl. 12:00,51.60,28. august 2022 kl. 12:00,42.80,28. september 2022 kl. 12:00,23.20
28. juli 2022 kl. 13:00,62.00,28. august 2022 kl. 13:00,47.00,28. september 2022 kl. 13:00,26.20
28. juli 2022 kl. 14:00,59.00,28. august 2022 kl. 14:00,44.60,28. september 2022 kl. 14:00,24.60
28. juli 2022 kl. 15:00,57.80,28. august 2022 kl. 15:00,43.80,28. september 2022 kl. 15:00,30.20
28. juli 2022 kl. 16:00,66.80,28. august 2022 kl. 16:00,44.00,28. september 2022 kl. 16:00,34.60
28. juli 2022 kl. 17:00,66.60,28. august 2022 kl. 17:00,48.20,28. september 2022 kl. 17:00,29.20
28. juli 2022 kl. 18:00,63.60,28. august 2022 kl. 18:00,44.00,28. september 2022 kl. 18:00,29.60
28. juli 2022 kl. 19:00,65.20,28. august 2022 kl. 19:00,39.60,28. september 2022 kl. 19:00,32.80
28. juli 2022 kl. 20:00,76.40,28. august 2022 kl. 20:00,31.20,28. september 2022 kl. 20:00,29.80
28. juli 2022 kl. 21:00,68.00,28. august 2022 kl. 21:00,28.20,28. september 2022 kl. 21:00,26.40
28. juli 2022 kl. 22:00,64.80,28. august 2022 kl. 22:00,24.00,28. september 2022 kl. 22:00,20.40
28. juli 2022 kl. 23:00,56.80,28. august 2022 kl. 23:00,22.60,28. september 2022 kl. 23:00,19.60
29. juli 2022 kl. 00:00,41.60,29. august 2022 kl. 00:00,21.00,29. september 2022 kl. 00:00,18.00
29. juli 2022 kl. 01:00,36.00,29. august 2022 kl. 01:00,22.40,29. september 2022 kl. 01:00,17.40
29. juli 2022 kl. 02:00,37.00,29. august 2022 kl. 02:00,23.00,29. september 2022 kl. 02:00,20.20
29. juli 2022 kl. 03:00,37.20,29. august 2022 kl. 03:00,25.20,29. september 2022 kl. 03:00,18.40
29. juli 2022 kl. 04:00,37.80,29. august 2022 kl. 04:00,23.20,29. september 2022 kl. 04:00,18.80
29. juli 2022 kl. 05:00,35.00,29. august 2022 kl. 05:00,26.40,29. september 2022 kl. 05:00,20.40
29. juli 2022 kl. 06:00,30.60,29. august 2022 kl. 06:00,22.00,29. september 2022 kl. 06:00,23.40
29. juli 2022 kl. 07:00,34.60,29. august 2022 kl. 07:00,20.00,29. september 2022 kl. 07:00,22.20
29. juli 2022 kl. 08:00,62.20,29. august 2022 kl. 08:00,23.20,29. september 2022 kl. 08:00,22.00
29. juli 2022 kl. 09:00,59.20,29. august 2022 kl. 09:00,20.40,29. september 2022 kl. 09:00,19.40
29. juli 2022 kl. 10:00,55.80,29. august 2022 kl. 10:00,25.20,29. september 2022 kl. 10:00,19.40
29. juli 2022 kl. 11:00,48.20,29. august 2022 kl. 11:00,20.00,29. september 2022 kl. 11:00,19.80
29. juli 2022 kl. 12:00,51.40,29. august 2022 kl. 12:00,19.20,29. september 2022 kl. 12:00,31.20
29. juli 2022 kl. 13:00,53.60,29. august 2022 kl. 13:00,19.80,29. september 2022 kl. 13:00,27.80
29. juli 2022 kl. 14:00,46.00,29. august 2022 kl. 14:00,18.80,29. september 2022 kl. 14:00,27.40
29. juli 2022 kl. 15:00,48.80,29. august 2022 kl. 15:00,17.20,29. september 2022 kl. 15:00,35.40
29. juli 2022 kl. 16:00,52.00,29. august 2022 kl. 16:00,19.20,29. september 2022 kl. 16:00,32.00
29. juli 2022 kl. 17:00,54.00,29. august 2022 kl. 17:00,19.80,29. september 2022 kl. 17:00,36.80
29. juli 2022 kl. 18:00,63.20,29. august 2022 kl. 18:00,20.00,29. september 2022 kl. 18:00,31.60
29. juli 2022 kl. 19:00,77.20,29. august 2022 kl. 19:00,23.40,29. september 2022 kl. 19:00,31.60
29. juli 2022 kl. 20:00,61.40,29. august 2022 kl. 20:00,25.00,29. september 2022 kl. 20:00,29.40
29. juli 2022 kl. 21:00,64.80,29. august 2022 kl. 21:00,24.80,29. september 2022 kl. 21:00,33.60
29. juli 2022 kl. 22:00,50.00,29. august 2022 kl. 22:00,25.60,29. september 2022 kl. 22:00,25.60
29. juli 2022 kl. 23:00,50.60,29. august 2022 kl. 23:00,24.00,29. september 2022 kl. 23:00,24.80
30. juli 2022 kl. 00:00,50.20,30. august 2022 kl. 00:00,21.80,30. september 2022 kl. 00:00,22.20
30. juli 2022 kl. 01:00,40.80,30. august 2022 kl. 01:00,20.40,30. september 2022 kl. 01:00,22.00
30. juli 2022 kl. 02:00,41.80,30. august 2022 kl. 02:00,23.00,30. september 2022 kl. 02:00,24.20
30. juli 2022 kl. 03:00,40.40,30. august 2022 kl. 03:00,22.20,30. september 2022 kl. 03:00,25.80
30. juli 2022 kl. 04:00,40.60,30. august 2022 kl. 04:00,23.40,30. september 2022 kl. 04:00,25.40
30. juli 2022 kl. 05:00,35.40,30. august 2022 kl. 05:00,23.40,30. september 2022 kl. 05:00,23.40
30. juli 2022 kl. 06:00,31.20,30. august 2022 kl. 06:00,28.20,30. september 2022 kl. 06:00,26.60
30. juli 2022 kl. 07:00,31.20,30. august 2022 kl. 07:00,25.60,30. september 2022 kl. 07:00,24.40
30. juli 2022 kl. 08:00,37.40,30. august 2022 kl. 08:00,27.20,30. september 2022 kl. 08:00,27.20
30. juli 2022 kl. 09:00,60.00,30. august 2022 kl. 09:00,22.60,30. september 2022 kl. 09:00,25.20
30. juli 2022 kl. 10:00,63.80,30. august 2022 kl. 10:00,21.40,30. september 2022 kl. 10:00,25.80
30. juli 2022 kl. 11:00,56.20,30. august 2022 kl. 11:00,31.40,30. september 2022 kl. 11:00,30.60
30. juli 2022 kl. 12:00,56.60,30. august 2022 kl. 12:00,32.80,30. september 2022 kl. 12:00,29.00
30. juli 2022 kl. 13:00,54.80,30. august 2022 kl. 13:00,32.80,30. september 2022 kl. 13:00,32.40
30. juli 2022 kl. 14:00,52.00,30. august 2022 kl. 14:00,37.20,30. september 2022 kl. 14:00,28.60
30. juli 2022 kl. 15:00,49.00,30. august 2022 kl. 15:00,34.40,30. september 2022 kl. 15:00,31.60
30. juli 2022 kl. 16:00,69.80,30. august 2022 kl. 16:00,32.00,30. september 2022 kl. 16:00,44.40
30. juli 2022 kl. 17:00,78.60,30. august 2022 kl. 17:00,32.20,30. september 2022 kl. 17:00,41.60
30. juli 2022 kl. 18:00,72.00,30. august 2022 kl. 18:00,40.00,30. september 2022 kl. 18:00,42.00
30. juli 2022 kl. 19:00,84.20,30. august 2022 kl. 19:00,34.80,30. september 2022 kl. 19:00,44.60
30. juli 2022 kl. 20:00,76.80,30. august 2022 kl. 20:00,41.20,30. september 2022 kl. 20:00,48.60
30. juli 2022 kl. 21:00,78.20,30. august 2022 kl. 21:00,37.40,30. september 2022 kl. 21:00,41.20
30. juli 2022 kl. 22:00,72.00,30. august 2022 kl. 22:00,32.20,30. september 2022 kl. 22:00,36.20
30. juli 2022 kl. 23:00,53.80,30. august 2022 kl. 23:00,31.40,30. september 2022 kl. 23:00,31.20
31. juli 2022 kl. 00:00,44.00,31. august 2022 kl. 00:00,23.40,,
31. juli 2022 kl. 01:00,37.80,31. august 2022 kl. 01:00,22.80,,24708.20
31. juli 2022 kl. 02:00,38.00,31. august 2022 kl. 02:00,22.00,,
31. juli 2022 kl. 03:00,31.00,31. august 2022 kl. 03:00,25.20,,
31. juli 2022 kl. 04:00,34.80,31. august 2022 kl. 04:00,23.60,,
31. juli 2022 kl. 05:00,36.00,31. august 2022 kl. 05:00,24.80,,
31. juli 2022 kl. 06:00,30.40,31. august 2022 kl. 06:00,31.80,,
31. juli 2022 kl. 07:00,34.20,31. august 2022 kl. 07:00,31.00,,
31. juli 2022 kl. 08:00,37.60,31. august 2022 kl. 08:00,26.40,,
31. juli 2022 kl. 09:00,38.80,31. august 2022 kl. 09:00,24.40,,
31. juli 2022 kl. 10:00,43.20,31. august 2022 kl. 10:00,23.80,,
31. juli 2022 kl. 11:00,31.60,31. august 2022 kl. 11:00,27.80,,
31. juli 2022 kl. 12:00,32.20,31. august 2022 kl. 12:00,30.80,,
31. juli 2022 kl. 13:00,49.60,31. august 2022 kl. 13:00,33.20,,
31. juli 2022 kl. 14:00,49.80,31. august 2022 kl. 14:00,34.60,,
31. juli 2022 kl. 15:00,48.80,31. august 2022 kl. 15:00,40.00,,
31. juli 2022 kl. 16:00,50.40,31. august 2022 kl. 16:00,34.20,,
31. juli 2022 kl. 17:00,50.40,31. august 2022 kl. 17:00,35.40,,
31. juli 2022 kl. 18:00,56.60,31. august 2022 kl. 18:00,42.60,,
31. juli 2022 kl. 19:00,55.20,31. august 2022 kl. 19:00,38.40,,
31. juli 2022 kl. 20:00,38.00,31. august 2022 kl. 20:00,37.60,,
31. juli 2022 kl. 21:00,41.80,31. august 2022 kl. 21:00,42.00,,
31. juli 2022 kl. 22:00,35.40,31. august 2022 kl. 22:00,37.40,,
31. juli 2022 kl. 23:00,30.60,31. august 2022 kl. 23:00,31.60,,
,,,,,
,31866.80,,26817.40,,